dish_serial,dish_name,总销售重量g,总销售额,出现订单数,平均单价,热量总量,碳水总量,蛋白质总量,脂肪总量,膳食纤维总量,总销售重量kg,重量占比,销售额占比
26_49550527234707456,葱油鸡,168459,7140.84,2130,4.23634810710988,336918.0,3369.18,33691.8,20215.08,0.0,168.459,0.02720167596646775,0.05014377774173094
26_47379061760200704,米饭,2402890,5157.61,12036,0.21462053571428574,3123757.0,677615.19,64881.79,7206.4800000000005,9611.61,2402.89,0.3880032243042265,0.03621731470226597
26_52095219390353408,大排,86788,4615.9,1059,5.321475256769374,216970.0,4339.4,17357.6,13018.2,0.0,86.788,0.014013968109616009,0.032413366449613186
26_53533575408128000,盐水虾,63877,4462.69,1222,6.989070146818924,63238.23,0.0,15330.48,191.51,0.0,63.877,0.01031444716940063,0.03133750868108587
26_53534016422416384,扎肉,55792,4263.84,763,7.642282749675745,139480.0,2789.6,8368.8,10042.56,557.92,55.792,0.009008933363733424,0.02994116172415319
26_49915420467138560,牛肉,18182,3011.71,395,16.5725,45455.0,363.64,4727.32,2909.12,0.0,18.182,0.002935912432237617,0.021148564715432427
26_55002413094014976,茭白肉丝小炒,59834,2659.32,1038,4.471102661596959,107701.2,8975.1,7180.08,4786.72,1795.02,59.834,0.009661609529782508,0.018674042693036103
26_48461646162694144,油豆腐烧肉,81886,2331.42,1080,2.8822615803814715,180149.2,6550.88,9826.32,12282.9,1637.72,81.886,0.01322242467419478,0.016371492191762642
26_49903795932631040,葱油扇贝,27629,1996.52,362,7.272176308539946,41443.5,1381.45,5525.8,1657.74,0.0,27.629,0.004461353238933732,0.014019786906991426
26_54251333280206848,红烧排骨,36049,1887.85,565,5.220383275261324,90122.5,1802.45,7209.8,5407.35,0.0,36.049,0.0058209606902284595,0.013256694003748404
26_49181446346248192,花椒排骨,36353,1844.72,543,5.087422303473492,116329.6,1817.65,9088.25,7997.66,363.53,36.353,0.005870048655215823,0.012953830316282944
26_63677854537355264,培红菜蘑菇毛豆肉丝,38551,1801.1,672,4.675813609467456,123363.2,5782.65,9637.75,6939.18,1542.04,38.551,0.006224967559959981,0.01264752579397264
26_54619665208578048,千张结烧肉,36072,1754.78,613,4.861806656101427,90180.0,3607.2,5410.8,6492.96,721.44,36.072,0.005824674582316319,0.012322261569456061
26_54255659977412608,付皮包,48680,1733.68,645,3.561633281972265,121700.0,17038.0,4868.0,3894.4,973.6,48.68,0.007860533340739587,0.012174095007769968
26_53896969558560768,家常豆腐,66266,1731.75,1120,2.6115070921985817,76868.56,2849.22,8084.52,4041.96,397.48,66.266,0.010700207525830927,0.012160542331748443
26_51713064214597632,黄豆猪脚,37341,1712.53,507,4.604069767441861,70947.9,2240.46,7468.2,3734.1,746.82,37.341,0.006029584541424752,0.012025577340487462
26_60416170171437056,红烧带鱼,26513,1617.54,452,6.099779249448123,39769.5,1325.65,5302.6,1590.78,0.0,26.513,0.0042811487358880174,0.011358546928422912
26_64409617773498368,番茄炒蛋/红烧萝卜,80690,1576.25,884,1.9534768211920528,258208.0,20172.5,12103.5,14524.2,3227.6,80.69,0.013029302285626074,0.011068603926905434
26_52087588835692544,酱鸭,31595,1512.72,502,4.786301369863014,84358.65,947.85,5687.1,6319.0,0.0,31.595,0.005101757413735975,0.010622489156103657
26_48457672449724416,红烧排骨,30306,1471.68,406,4.9092009685230025,75765.0,1515.3,6061.2,4545.9,0.0,30.306,0.004893617983246794,0.01033430168256824
26_51414057911193600,卤鸭,31055,1433.25,456,4.614082969432315,74532.0,931.65,6211.0,5279.35,0.0,31.055,0.0050145616864557905,0.010064441921165559
26_54980308440846336,油爆虾,21494,1310.57,418,6.088836104513065,42988.0,1074.7,4298.8,2149.4,214.94,21.494,0.0034707128928894147,0.009202969229807742
26_52445796284633088,春卷,28668,1295.66,601,4.5157284768211925,71670.0,8600.4,2293.44,2866.8,573.36,28.668,0.004629124277163568,0.009098269540957523
26_47375739703660544,葱油娃娃菜,53802,1260.69,782,2.414980988593156,24210.9,2690.1,1076.04,1076.04,538.02,53.802,0.00868760096134904,0.008852706286826589
26_54622133506150400,花菜,48316,1256.26,694,2.6,12079.0,2029.3,1207.71,96.66,1207.71,48.316,0.007801756961609982,0.008821598330984438
26_66575384572989440,虎皮蛋烧肉,27732,1246.52,438,4.497339246119734,69330.0,2773.2,4159.8,4991.76,277.32,27.732,0.004477985016544582,0.008753202960803274
26_53893152209244160,红烧肉,23958,1246.19,388,5.199757869249395,59895.0,1197.9,2395.8,4791.6,0.0,23.958,0.003868583766997515,0.008750885663866951
26_53531764332826624,香菇肉丝,24386,1165.65,357,4.784153005464481,36579.0,2438.6,2926.32,1707.02,487.72,24.386,0.0039376944545455135,0.008185324769165628
26_56427216719974400,椒盐带鱼,17802,1143.93,388,6.423846153846155,26703.0,890.1,3204.36,1246.14,0.0,17.802,0.0028745524760034127,0.008032804498084018
26_56076628970835968,青瓜付竹肉片,24548,1137.59,383,4.629198966408269,44186.4,3682.2,2945.7599999999998,1963.84,736.4399999999999,24.548,0.003963853172729568,0.007988284308458906
26_48828324339912704,卤肉,19207,1114.0,299,5.8,48017.5,960.35,3841.4,3457.26,192.07,19.207,0.0031014228405009297,0.007822632688071469
26_64050994539008000,葱油芋头/红烧萝卜,47267,1087.47,602,2.3023809523809526,85080.6,12100.35,1654.26,3875.79,2032.4,47.267,0.0076323711876897715,0.007636336058614974
26_52095537637363712,糖醋里脊,25058,1040.08,367,4.153387533875338,62645.0,5011.6,3758.7,2505.8,250.58,25.058,0.004046204692938631,0.007303558174335164
26_61143330393821184,木耳娃娃菜,43090,968.82,661,2.2413273001508296,10772.5,1723.6,430.9,0.0,430.9,43.09,0.006957896089820641,0.006803162478328008
26_47376794684362752,韭黄肉丝小炒,19844,961.8100000000001,353,4.8338983050847455,43656.8,1984.4,2976.6,2381.28,396.88,19.844,0.00320428150397774,0.0067539374737109695
26_49914653857419264,木耳莴笋,39904,945.02,699,2.3621813031161474,19952.0,4070.23,997.66,119.68,1117.29,39.904,0.006443441298867553,0.0066360362144356365
26_57153219285094400,宫保鸡丁,23980,941.4,385,3.9275193798449615,39806.8,1918.4,2877.6,2158.2,239.8,23.98,0.0038721361855163375,0.006610616169255369
26_61502544706408448,鸟蛋烧肉,17716,933.04,303,5.2703225806451615,56691.2,1417.28,4429.0,3897.52,177.16,17.716,0.0028606657490661985,0.006551911313535191
26_49912240417148928,韭黄肉丝/红烧大排,16268,904.43,250,5.56,56938.0,2440.2,4067.0,3253.6,325.36,16.268,0.002626852021100074,0.0063510086912679335
26_56074692599091200,西葫芦炒鸡蛋/肉末茄,29249,863.0,383,2.9500000000000006,81897.2,5849.8,5264.82,4387.35,877.47,29.249,0.004722940420774285,0.0060600825940805006
26_49184534943633408,包菜粉丝,45156,851.32,557,1.8984313725490196,40640.4,8128.08,903.12,451.56,903.12,45.156,0.007291500483451866,0.005978064326758531
26_49548530490150912,葱油炒鳊鱼,11761,839.78,162,7.14,17641.5,352.83,2116.98,940.88,0.0,11.761,0.001899090645448609,0.005897029155106515
26_60781465637621760,青椒水面筋,27557,838.59,524,3.071320754716981,33068.4,5511.4,1377.85,826.71,551.14,27.557,0.004449727141963041,0.005888672841911897
26_61503305590902784,胖干烧肉,16756,798.14,265,4.757677902621722,75402.0,2513.4,3351.2,5026.8,335.12,16.756,0.002705651122790315,0.005604628414414149
26_47374676875415552,木耳西兰花,25810,793.04,462,3.080872340425532,8775.4,1032.4,774.3,0.0,516.2,25.81,0.00416763281685474,0.00556881564358007
26_64758697263501312,香菇鸡块,14728,772.66,221,5.235135135135136,22092.0,1472.8,2209.2,1030.96,294.56,14.728,0.0023781827247825113,0.005425705002482317
26_51716651443425280,椒盐带鱼/油爆虾,11862,735.42,206,6.2,37958.4,1186.2,3321.36,2135.16,118.62,11.862,0.0019153994759213843,0.005164201554274254
26_48464571123503104,芹菜香干,28397,731.83,541,2.5768382352941175,27829.06,2271.76,1703.82,1419.85,567.94,28.397,0.004585364939954439,0.005138992172451834
26_53535331613544448,莴笋烧肉/千张节烧肉,14634,731.7,233,5.0,46828.8,1756.08,2634.12,3219.48,439.02,14.634,0.0023630042092929976,0.0051380792979011615
26_64407596181884928,葱油金针菇,23262,705.35,460,3.060455531453362,8141.7,1395.72,465.24,232.62,465.24,23.262,0.0037561981629474998,0.0049530466485917515
26_48818878670835712,虎皮尖椒/西葫芦炒蛋,27205,675.68,379,2.4791472868217053,76174.0,3264.6,4080.75,4896.9,816.15,27.205,0.0043928884456618834,0.004744700587680548
26_57523617168232448,蘑菇肉片,12218,665.95,154,5.45,14661.6,610.9,1832.7,488.71999999999997,244.35999999999999,12.218,0.001972884066498691,0.004676375438618667
26_51362407922143232,红烧子排,9884,665.43,147,6.527027027027027,24710.0,494.2,1976.8,1482.6,0.0,9.884,0.0015960047563654495,0.004672723940415976
26_54280018603413504,油麦菜,27773,663.4,490,2.3842105263157896,4165.95,583.39,388.93,111.2,333.23,27.773,0.004484605432875114,0.004658469053201626
26_47377396340494336,三色绿豆芽,36368,647.92,703,1.7803954802259887,16365.6,2473.07,1163.73,545.42,690.72,36.368,0.005872470758751383,0.004549766760552304
26_66572251184631808,花椒鸭,13371,630.72,211,4.7189252336448595,33427.5,668.55,2674.2,2005.65,133.71,13.371,0.0021590630915987886,0.004428986435386389
26_60419548653948928,西红柿炒蛋/葱油芋艿,25129,628.86,301,2.5,80412.8,6282.25,3769.35,4523.22,1005.16,25.129,0.004057669316340285,0.004415925307199842
26_54260617820901376,小青菜,37100,596.82,587,1.6090219224283304,5565.0,1001.78,556.44,74.27,408.13,37.1,0.005990669411286744,0.0041909368410186845
26_48825909251280896,酸辣土豆丝,39463,594.46,642,1.5081413210445467,30386.51,6708.71,789.26,39.67,710.32,39.463,0.0063722314549220695,0.004174364656868012
26_49909032047218688,红烧肉/香菇鸡肉,13495,580.37,174,4.3,43184.0,1349.5,3373.75,2699.0,269.9,13.495,0.0021790858141594233,0.004075423099798957
26_48459880079691776,椒盐带鱼/鸡排,8872,577.05,181,6.5,28390.4,1064.64,2218.0,1596.96,88.72,8.872,0.0014325935044996224,0.004052109688197164
26_54986325249626112,红烧萝卜/番茄炒鸡蛋,24884,572.35,276,2.3,69675.2,2986.08,3732.6,4479.12,746.52,24.884,0.004018108291926128,0.004019105762134385
26_49915420467138560,五香牛肉,4036,565.04,82,14.0,10090.0,80.72,1049.36,645.76,0.0,4.036,0.0006517073246348599,0.003967774123938871
26_57537182121988096,蒜苗香干肉丝,12313,563.92,240,4.580991735537189,34476.4,1477.56,2216.34,1846.95,369.39,12.313,0.001988224055557242,0.00395990935857923
26_52086867788697600,黄鱼,9714,558.71,139,5.75,9422.58,0.0,2020.44,116.64,0.0,9.714,0.0015685542496290952,0.003923324155433044
26_49182898133274624,鱼香杏鲍菇炒肉,12329,527.91,194,4.427449999999999,27123.8,2219.22,1849.35,1232.9,493.16,12.329,0.0019908076326618403,0.0037070431080429163
26_62231607637053440,素烧鹅,19373,524.57,323,2.7139318885448915,29059.5,3874.6,968.65,1162.38,387.46,19.373,0.0031282274529611347,0.003683589254202559
26_61873794888896512,长豆香干肉丝,12318,521.3100000000001,225,4.263716814159292,39417.6,1478.16,2217.24,2709.96,369.54,12.318,0.001989031423402429,0.003660697169316461
26_61866566047895552,肉沫茄子/西葫芦炒蛋,18617,521.29,227,2.8,52127.6,3723.4,3351.06,2792.55,744.68,18.617,0.0030061534347688764,0.0036605567270778954
26_67309879295086592,盐焗鸡,10824,520.67,95,4.714795918367347,21648.0,108.24,2706.0,1082.4,0.0,10.824,0.0017477899112605855,0.00365620301768238
26_61137457504194560,鱼香肉丝,11076,520.65,195,4.7,16614.0,1107.6,1329.12,886.08,110.76,11.076,0.0017884812506580047,0.0036560625754438153
26_48827102522380288,小黄鱼,8958,517.46,148,5.772972972972973,0.0,0.0,0.0,0.0,0.0,8.958,0.0014464802314368371,0.0036336620383926954
26_49917743172030464,虎皮包/油爆虾,8283,513.25,150,6.196078431372549,23192.4,828.3,2070.75,1242.45,165.66,8.283,0.0013374855723366065,0.003604098947174759
26_60420148368117760,葱油广东菜心,17812,510.5,275,2.86726618705036,21374.4,1709.89,623.35,1460.6,427.55,17.812,0.002876167211693787,0.003584788139372069
26_48825273109581824,大排/春卷,10041,502.05,133,5.0,28114.8,2510.25,1204.92,1506.15,200.82,10.041,0.001621356106704318,0.0035254512935783493
26_62228850888806400,雪菜蛋饺,13170,500.59,251,3.801185770750988,23706.0,1053.6,1580.4,1317.0,131.7,13.17,0.0021266069042222757,0.0035151990101631027
26_57153933495373824,香酥鸡排,8431,486.31,174,5.7708571428571425,23606.8,1264.65,1686.2,1264.65,84.31,8.431,0.0013613836605541386,0.0034149232518276805
26_66578080193449984,木耳花菜,19878,468.33,322,2.3697530864197534,5367.06,993.9,397.56,0.0,397.56,19.878,0.0032097716053250108,0.00328866567935773
26_56440171394109440,酱爆猪肝,9138,465.31,176,5.096045197740113,15077.7,456.9,1827.6,639.66,0.0,9.138,0.0014755454738635651,0.003267458901334412
26_49550117186965504,豆芽/木耳青菜,32343,462.65999999999997,456,1.43,25874.4,3881.16,1940.58,646.86,1293.72,32.343,0.005222539643375934,0.003248850304724547
26_64042191542161408,长江豆肉丝,10269,462.56,192,4.5,25672.5,1540.35,2053.8,1232.28,308.07,10.269,0.0016581720804448403,0.0032481480935317225
26_63683371284434944,青韭南瓜丝,19163,456.24,346,2.377670454545455,18779.74,2433.67,613.19,862.24,536.59,19.163,0.003094318003463285,0.003203768346145177
26_66221585450799104,酱肉,5790,453.79,131,7.843181818181818,17370.0,289.5,1158.0,1447.5,57.9,5.79,0.0009349319647264218,0.0031865641719209625
26_61503148149313536,香菇鸭块,8459,448.36,148,5.3,21147.5,676.72,1691.8,1268.85,169.18,8.459,0.0013659049204871852,0.00314843410415056
26_48463435717021696,蘑菇小炒肉,11247,438.71999999999997,181,3.9,13496.4,562.35,1124.7,787.29,224.94,11.247,0.0018160932309633966,0.0030807409451622213
26_53531764332826624,香菇肉丝/鸡排,8260,437.84,123,5.3,12390.0,826.0,991.2,578.2,165.2,8.26,0.0013337716802487467,0.0030745614866653607
26_62591473291497472,虎皮青椒/雪菜毛豆,16816,437.33,273,2.6,20179.2,2522.4,1008.96,840.8,672.64,16.816,0.0027153395369325577,0.0030709802095819526
26_56436730433245184,鱼香肉丝/蒜苗香干肉,9639,434.11,147,4.5,30844.8,1445.85,2409.75,1735.02,289.17,9.639,0.001556443731951292,0.0030483690091729853
26_57162148266250240,长江豆肉丝/香菇肉丝,9531,429.15,141,4.5,26686.8,2382.75,1715.58,1143.72,476.55,9.531,0.001539004586495255,0.0030135393340088605
26_48822604177477632,香酥鸭肉/椒盐虾,8283,422.49,156,5.1,37273.5,1656.6,2899.05,2070.75,165.66,8.283,0.0013374855723366065,0.00296677206856671
26_54981264637300736,蘑菇肉片/雪菜鱿鱼,7688,418.98,112,5.45,24601.6,1537.6,1922.0,1153.2,307.52,7.688,0.0012414087987593662,0.0029421244556985496
26_56798960022589440,白菜千张丝,15507,412.94,314,2.680379746835443,18608.4,1550.7,1240.56,775.35,465.21,15.507,0.002503970635062629,0.002899710899651914
26_53901957773004800,清烧南瓜/葱油芋头,17775,410.6,246,2.31,21330.0,3608.36,444.32,675.42,568.83,17.775,0.002870192689639404,0.002883279157739807
26_54983366281400320,千叶豆腐肉丝,9649,408.24,160,4.212732919254658,27017.2,1929.8,1736.82,1447.35,192.98,9.649,0.0015580584676416656,0.002866706973589135
26_52444681157611520,酥鱼/椒盐虾,6651,405.75,118,6.1,21283.2,798.12,1862.28,1197.18,133.02,6.651,0.0010739607076676047,0.0028492219148877904
26_49541748875202560,木耳南瓜/青瓜炒蛋,16908,399.3,240,2.3641975308641974,30434.4,2536.2,2028.96,1690.8,507.24,16.908,0.0027301951052839963,0.0028039292929505724
26_61871928213901312,青椒藕片,15552,398.7,366,2.563760217983651,11352.960000000001,2332.8,311.04,31.12,466.56,15.552,0.002511236945669311,0.002799716025793622
26_49555257134551040,鸡排/椒盐排骨,8610,397.85,135,4.62,30135.0,1291.5,2152.5,1722.0,172.2,8.61,0.0013902874294118293,0.0027937472306546088
26_49190051107704832,青椒水面筋/木耳西兰,13956,397.8,181,2.8500000000000005,16747.2,2093.4,1116.48,697.8,558.24,13.956,0.002253525129485655,0.002793396125058196
26_60778850765901824,板栗烧猪脚,7840,392.0,111,5.0,27440.0,1176.0,1568.0,1960.0,156.8,7.84,0.0012659527812530478,0.002752667875874341
26_51368186062442496,蘑菇肉片/椒盐虾,7101,390.84,120,5.5,22723.2,852.12,1988.28,1278.18,213.03,7.101,0.0011466238137344252,0.00274452222603757
26_49549292205117440,茄子长江豆/素烧鹅,13143,388.98,184,2.96,23657.4,2628.6,788.58,1314.3,657.15,13.143,0.0021222471178582664,0.0027314610978510234
26_54262206883303424,莴苣/藕片,15371,386.46999999999997,264,2.509375,6916.95,1429.56,230.65,30.76,322.82,15.371,0.0024820102296735456,0.0027138355969111134
26_61135445588840448,酥鱼,6411,384.42,142,6.00625,12822.0,320.55,1282.2,641.1,64.11,6.411,0.0010352070510986338,0.0026994402674581993
26_52091412858146816,盐水虾/卤肉,6294,377.64,98,6.0,20140.8,629.4,1573.5,1258.8,125.88,6.294,0.0010163146435212605,0.0026518303485846585
26_63684984489250816,水波蛋,28786,370.32,284,1.2825174825174823,41163.98,287.86,3742.18,2878.6,0.0,28.786,0.004648178158309979,0.002600428489269862
26_47373891743649792,酥鱼/红烧肉,6164,369.84,103,6.0,27738.0,924.6,1232.8,1849.2,123.28,6.164,0.0009953230795464014,0.0025970578755443014
26_52450328280436736,千叶豆腐肉丝/茭白肉,9213,368.52,134,4.0,29481.6,2303.25,1658.34,1381.95,276.39,9.213,0.0014876559915413686,0.00258778868779901
26_52089599958323200,豆芽/青菜,23471,368.08,421,1.5578403755868544,10327.24,1995.03,751.13,47.0,422.42,23.471,0.0037899461388763117,0.00258469895855058
26_53906769008791552,土豆丝/小青菜,22568,365.71,416,1.62,27081.6,3791.52,789.84,1173.44,541.57,22.568,0.003644135506035559,0.0025680565532806253
26_68755515173376000,茄子长江豆,13980,364.63,186,2.5900529100529104,16776.0,1789.41,629.1,866.79,601.07,13.98,0.002257400495142552,0.0025604726723981145
26_60804092892680192,鸡米花,6484,358.75,172,5.534104046242774,18998.12,1945.2,972.6,778.08,64.84,6.484,0.0010469946216383624,0.0025191826542599995
26_49548530490150912,葱油鳊鱼,4989,356.21,70,7.14,7483.5,149.67,898.02,399.12,0.0,4.989,0.0008055916359274816,0.002501346489962242
26_48465394704453632,口水鸡,8822,352.88,117,4.0,13233.0,264.66,1323.3,793.98,0.0,8.822,0.0014245198260477536,0.0024779628572411667
26_65134805129498624,西葫芦炒蛋,13128,352.2,179,2.6762569832402234,9189.6,393.84,656.4,525.12,131.28,13.128,0.0021198250143227054,0.002473187821129956
26_61140837161111552,茄子长豆/青椒素鸡,11777,341.59,154,2.9,21198.6,2355.4,1177.7,942.16,706.62,11.777,0.001901674222553207,0.0023986832135712145
26_60418731704193024,包菜油付/绿豆芽,20132,332.25,312,1.65,24158.4,2073.78,1046.88,1509.89,765.0,20.132,0.003250785891860505,0.0023330966881613515
26_60786976424595456,红烧萝卜,15698,322.87,193,2.0352331606217615,7849.0,1255.84,156.98,313.96,313.96,15.698,0.0025348120867487683,0.0022672292782743584
26_49547847724568576,茭白榨菜肉丝/杏鲍菇,8262,322.23,116,3.9,14871.6,991.4399999999999,1239.3,660.96,247.85999999999999,8.262,0.0013340946273868216,0.002262735126640278
26_47373257908817920,椒盐虾,5254,317.67,121,6.05040650406504,6304.8,157.62,945.72,262.7,0.0,5.254,0.0008483821317223869,0.002230714296247454
26_54622809690869760,千叶豆腐肉丝/韭黄肉,7278,316.52,120,4.35,20378.4,1455.6,1310.04,1091.7,218.34,7.278,0.0011752046354540412,0.0022226388675299653
26_61863997825224704,鸭血豆腐,13362,307.3,174,2.289772727272727,7349.1,133.62,1737.06,53.45,0.0,13.362,0.002157609829477452,0.0021578949955514924
26_61886943620894720,包菜油付,18504,305.4,254,1.65,22204.8,1776.42,647.61,1517.36,388.69,18.504,0.002987906921467653,0.0021445529828878155
26_56799404434264064,青椒面筋/西葫芦炒蛋,10503,304.62,149,2.9,29408.4,2100.6,1575.45,1890.54,315.09,10.503,0.0016959568955995869,0.00213907573558378
26_56798140795326464,虎皮青椒/茄子长豆,10482,303.96999999999997,132,2.9,18867.6,2096.4,628.92,1048.2,524.1,10.482,0.001692565950649802,0.0021345113628304167
26_56803989915832320,莴笋目鱼花,5217,302.61,87,5.8,6260.4,417.36,782.55,260.85,104.34,5.217,0.0008424076096680039,0.002124961290607996
26_51718413919326208,香菇鸡肉/鱼香肉丝,7488,299.52,110,4.0,20966.4,1347.84,1872.0,898.56,224.64,7.488,0.0012091140849518906,0.0021032629647497005
26_51726827219193856,芦笋牛柳/莴笋目鱼花,5668,294.72,99,5.2,18137.6,680.16,1587.04,1020.24,226.72,5.668,0.0009152321893038616,0.0020695568274940964
26_52093181633892352,鸡排/茭白肉丝,5874,293.7,104,5.0,18796.8,704.88,1644.72,1057.32,117.48,5.874,0.0009484957445255616,0.0020623942733272805
26_54623899152945152,丝瓜炒蛋/家常豆腐,11154,292.28000000000003,157,2.62,35692.8,1673.1,2007.72,2453.88,334.62,11.154,0.0018010761890429204,0.0020524228743891643
26_57522966333886464,西葫芦炒蛋/素鸡,10406,291.37,138,2.8,18730.8,832.48,1248.72,1040.6,208.12,10.406,0.0016802939594029612,0.002046032752534456
26_54621133047205888,萝卜丝带鱼,4797,287.82,78,6.0,5756.4,239.85,719.55,191.88,47.97,4.797,0.0007745887106723048,0.002021104255189165
26_60787252510461952,雪菜毛豆/西葫芦炒蛋,10354,284.93,159,2.75,18637.2,1035.4,1242.48,1035.4,310.62,10.354,0.0016718973338130175,0.0020008103517165205
26_49186373130915840,醋溜鱼/宫保鸡丁,10389,276.37,119,2.66,36361.5,2077.8,3116.7,1558.35,207.78,10.389,0.0016775489087293258,0.0019407010736106928
26_48461594572754944,土豆丝/包菜油付,18240,274.96,300,1.499672131147541,32832.0,3648.0,912.0,1824.0,547.2,18.24,0.002945277899241785,0.001930799895791859
26_62588017319219200,白菜油付,17410,274.08,215,1.5711009174311927,20892.0,1044.6,1392.8,1218.7,348.2,17.41,0.0028112548369407606,0.0019246204372949983
26_53537949731655680,大白菜/豆芽,16481,272.02,296,1.65,7416.45,1401.0,527.47,33.04,346.09000000000003,16.481,0.002661245891305036,0.0019101548867228014
26_54987069260435456,葱油芋头/莴笋丝,10005,270.18,158,2.7,12006.0,1580.71,350.06,520.34,340.12,10.005,0.0016155430582189723,0.00189723420077482
26_48461049501978624,茄子豆角,11735,269.92,139,2.3,2816.4,469.4,117.35,0.0,234.7,11.735,0.0018948923326536373,0.0018954084516734748
26_54263983317848064,虎皮尖椒/素烧鹅,9512,267.29,140,2.81,17121.6,951.2,760.96,1141.44,285.36,9.512,0.0015359365886835447,0.0018769402973021752
26_64049736054870016,雪菜山药,9719,265.92,154,2.7415584415584413,11662.8,1632.81,340.12,505.37,233.26,9.719,0.001569361617474282,0.0018673200039604715
26_70206708550602752,青椒土豆丝,19581,265.11,344,1.3870689655172412,12727.65,2545.53,391.62,195.81,391.62,19.581,0.0031618139553209095,0.0018616320932985883
26_49180432411004928,鸡米花/辣子鸡,5855,263.76,113,4.5,20492.5,878.25,1463.75,1171.0,117.1,5.855,0.0009454277467138514,0.0018521522421954494
26_49905814495956992,茄子长豆/虎皮青椒,10087,257.24,141,2.55,12104.4,1089.3799999999999,453.93,726.28,363.18,10.087,0.0016287838908800375,0.0018063680724232538
26_54258689338642432,椒盐虾，,3207,256.56,70,8.0,3848.4,96.21,577.26,160.35,0.0,3.207,0.000517845735902873,0.0018015930363120432
26_71654322479435776,虎皮尖椒/茄子长江豆,10145,253.85999999999999,128,2.5,18261.0,2029.0,608.7,1014.5,507.25,10.145,0.0016381493578842053,0.0017826333341057657
26_53900193216729088,西葫芦肉丝/茭白肉丝,6022,251.66,109,4.18,10839.6,722.64,903.3,481.76,180.66,6.022,0.0009723938327430937,0.001767184687863614
26_52452487331975168,莴苣,9618,250.1,162,2.6,1346.52,269.28,96.18,9.69,57.74,9.618,0.0015530527870015068,0.0017562301932555425
26_52466627144454144,土豆丝/青菜,15593,249.34,245,1.5942971887550201,18711.6,2619.66,545.7,810.8,467.79,15.593,0.002517857361999844,0.0017508933881900718
26_51367115072081920,西兰花/韭黄炒鸡蛋,9601,248.71,125,2.59,17281.8,768.08,1152.1200000000001,960.1,288.03000000000003,9.601,0.0015503077363278714,0.0017464694576752738
26_48824212403654656,酸辣藕丝/木耳莴笋,11826,248.46,171,2.1,14191.2,2199.66,532.19,378.49,685.85,11.826,0.0019095864274360386,0.0017447139296932113
26_49917049941659648,青菜/白菜油腐,16395,246.43,198,1.5,19674.0,983.7,1311.6,1147.65,491.85,16.395,0.002647359164367821,0.001730459042478862
26_54263125716897792,油豆腐/长江豆肉丝,8140,244.2,107,3.0,26048.0,1221.0,1465.2,1790.8,325.6,8.14,0.0013143948519642613,0.0017147997328788623
26_62227258533875712,红烧油片,10070,242.43,197,2.401010101010101,32224.0,1007.0,2517.5,2014.0,201.4,10.07,0.001626038840206402,0.0017023705947658585
26_49913839134838784,芹菜香干/青瓜凉皮,10449,242.42,149,2.32,18808.2,2612.25,835.92,626.94,417.96,10.449,0.0016872373228715685,0.0017023003736465758
26_48829126651547648,小炒,7085,240.89,111,3.4,10627.5,708.5,850.2,566.8,141.7,7.085,0.001144040236629827,0.0016915565423963519
26_51368982778875904,酱爆茄子/土豆洋葱,9616,240.67,128,2.5,17308.8,1952.07,432.71,980.8199999999999,365.42,9.616,0.0015527298398634321,0.0016900116777721368
26_54259811822473216,红烧茄子/椒盐土豆,8909,240.57,141,2.7,28508.8,3118.15,534.54,1603.62,445.45,8.909,0.0014385680265540054,0.0016893094665793116
26_60783536751382528,鱼香杏鲍菇肉丝,5178,240.1,99,4.648,11391.6,776.7,932.04,517.8,155.34,5.178,0.0008361101404755462,0.0016860090739730337
26_51366669880266752,虎皮尖椒/家常豆腐,8140,236.14000000000001,108,2.9,22792.0,1221.0,976.8,1465.2,244.2,8.14,0.0013143948519642613,0.0016582015107371605
26_48463756191207424,木耳花菜/青瓜炒蛋,11767,235.34,153,2.0,21180.6,1176.7,1412.04,1176.7,353.01,11.767,0.0019000594868628334,0.0016525838211945596
26_48821777136226304,千叶豆腐肉丝,7838,235.14,105,3.0,21946.4,1567.6,1410.84,1175.7,156.76,7.838,0.0012656298341149732,0.0016511793988089095
26_62592231093178368,盐菜黄豆芽,9798,232.98,195,2.3792929292929292,11757.6,1175.76,979.8,489.9,391.92,9.798,0.001582118029428235,0.0016360116370438876
26_62223311366656000,素鸡烧肉,5062,232.31,81,4.5964285714285715,7593.0,506.2,607.4399999999999,404.96,101.24,5.062,0.0008173792064672102,0.0016313068220519596
26_67306667880091648,番茄炒蛋/青韭南瓜丝,10518,231.36,130,2.2,29450.4,2629.5,1262.16,1577.7,420.71999999999997,10.518,0.0016983789991351476,0.0016246358157201214
26_47398890068119552,大白菜,15300,229.92,187,1.5,1989.0,367.29,229.5,15.3,153.0,15.3,0.002470545606271892,0.00161452397454344
26_51365959914622976,春卷/山药卷,5053,227.63,105,4.5,11116.6,1414.84,252.65,505.3,151.59,5.053,0.0008159259443458737,0.0015984433382277455
26_62590508530274304,西红柿炒蛋/红烧茄子,13348,227.5,144,1.8,42713.6,3737.44,1601.76,2402.64,533.92,13.348,0.002155349199510929,0.0015975304636770729
26_67309121245941760,雪菜毛豆子,8421,227.47,176,2.7,10105.2,1010.52,673.6800000000001,421.05,252.63,8.421,0.0013597689248637647,0.0015973198003192254
26_179296316373995520,快胶菜,10822,227.4,151,2.1,12986.4,1082.2,865.76,541.1,324.66,10.822,0.0017474669641225106,0.001596828252484248
26_60424338653974528,四季豆肉丝,5305,222.12,92,4.188297872340425,9549.0,636.6,795.75,424.4,159.15,5.305,0.0008566172837432932,0.0015597515015030833
26_62595882977202176,长江豆肉丝/鱼香肉丝,4915,221.38,83,4.5,13762.0,1228.75,884.7,589.8,147.45,4.915,0.0007936425918187156,0.0015545551386761775
26_51720104274169856,鸭血豆腐/包菜粉丝,9365,215.39,117,2.3,29968.0,3277.75,1685.7,1123.8,374.6,9.365,0.0015121999740350502,0.0015124926882259548
26_51721242000101376,雪菜素鸡/丝瓜毛豆子,8601,215.26,113,2.5,15481.8,1290.15,1032.12,688.08,430.05,8.601,0.001388834167290493,0.0015115798136752822
26_57158785218777088,青瓜炒蛋/莴笋小炒,9035,212.37,130,2.35,16263.0,722.8,1084.2,903.5,180.7,9.035,0.0014589136962527153,0.0014912859102026372
26_61506526787014656,莴笋山药/虎皮尖椒,7551,211.45,114,2.8,9061.2,966.55,339.82,468.14,256.77,7.551,0.0012192869198012453,0.0014848255672286464
26_49916397656084480,雪菜毛豆/青椒面筋,7586,209.38,126,2.76,13654.8,1668.92,606.88,531.02,303.44,7.586,0.0012249384947175537,0.001470289795537167
26_60788188049969152,青椒田藕,8411,203.8,192,2.4164948453608246,10093.2,1883.99,294.29,235.56,353.21,8.411,0.001358154189173391,0.0014311064109775273
26_53915177317437440,红烧大排,4071,203.55,55,5.0,10177.5,203.55,814.2,610.65,0.0,4.071,0.0006573588995511681,0.0014293508829954645
26_47376474050793472,香菇鸭块/雪蘑菇肉片,5047,201.88,77,4.0,16150.4,605.64,1413.16,908.46,151.41,5.047,0.0008149571029316496,0.0014176239560752856
26_68754816561713152,青椒素鸡,7242,201.71,124,2.77258064516129,8690.4,724.2,869.04,362.1,144.84,7.242,0.0011693915869686955,0.001416430197047483
26_49192327952076800,青瓜花生米/青椒炒蛋,8706,200.22,139,2.3,24376.8,1305.9,1044.72,1567.08,261.18,8.706,0.0014057888920394176,0.001405967250274389
26_62234647941222400,白萝卜/南瓜丝,9019,198.44,121,2.2,3787.98,865.88,108.25,18.06,252.51,9.019,0.0014563301191481172,0.0013934678910421025
26_57164824685187072,椒盐土豆/藕片,7734,193.64000000000001,129,2.5,13921.2,1956.73,270.68,634.24,239.7,7.734,0.0012488365829350857,0.0013597617537864986
26_53531189297942528,红烧白萝卜/红烧茄子,8726,192.0,108,2.2,10471.2,1073.34,305.36,593.34,279.26,8.726,0.0014090183634201652,0.001348245490224167
26_51362407922143232,红烧仔排,2367,189.36,31,8.0,5917.5,118.35,473.4,355.05,0.0,2.367,0.000382207937911475,0.001329707114733585
26_53904924488110080,娃娃菜/黄瓜炒蛋,8354,186.37,122,2.23,12531.0,835.4,835.4,668.32,167.08,8.354,0.0013489501957382605,0.0013087110000681147
26_52083150117015552,木耳炒蛋/水面筋,5638,186.14,96,3.3,15786.4,1973.3,676.56,563.8,169.14,5.638,0.0009103879822327403,0.0013070959143246168
26_60417649133359104,山药卷,3909,185.63,116,4.75,14267.85,2345.4,312.72,390.9,78.18,3.909,0.0006312001813671128,0.001303514637241209
26_48462935516909568,海带丝,7051,184.87,176,2.6127777777777776,846.12,176.27,84.61,7.08,70.51,7.051,0.001138550135282556,0.0012981778321757382
26_51722718197977088,木耳花菜/青韭炒蛋,7365,184.39,112,2.5,13257.0,589.2,883.8,736.5,220.95,7.365,0.001189252835960293,0.0012948072184501777
26_53536912681603072,花菜,6158,181.69,114,2.95,1539.5,258.64,153.94,12.32,153.94,6.158,0.0009943542381321772,0.0012758475162439006
26_64416482125287424,肉末粉条,9413,181.32,137,1.9268613138686133,30121.6,2353.25,1411.95,1694.34,282.39,9.413,0.0015199507053488442,0.0012732493348304476
26_48461594572754944,土豆丝/大白菜,12684,177.62,180,1.4,22831.2,2536.8,634.2,1268.4,380.52,12.684,0.0020481307496701094,0.0012472675206959196
26_52080884723093504,素包子,6325,176.75,91,2.793548387096774,9487.5,1897.5,316.25,126.5,126.5,6.325,0.0010213203241614193,0.0012411582833183412
26_57518440528875520,木耳娃娃菜/黄豆芽,7339,176.15,115,2.4,8806.8,1321.02,587.12,220.17,366.95,7.339,0.0011850545231653212,0.0012369450161613907
26_54264610626342912,雪菜毛豆/萝卜干炒蛋,6210,170.95,125,2.75,15525.0,1242.0,931.5,745.2,248.4,6.21,0.0010027508637221207,0.0012004300341344862
26_51410054775181312,红烧茄子,8157,167.87,112,2.0557522123893803,9788.4,815.7,244.71,652.56,163.14,8.157,0.0013171399026378969,0.0011788019293954735
26_53541756465188864,青椒炒面筋/咸菜绿豆,7375,166.12,123,2.25,23600.0,2581.25,885.0,1106.25,442.5,7.375,0.0011908675716506669,0.0011665132335210344
26_54253528629252096,鸡米花/椒盐虾,2550,165.89,59,6.5,7140.0,255.0,637.5,382.5,51.0,2.55,0.0004117576010453153,0.0011648981477775367
26_145593229163761664,粉蒸肉,2592,162.49,42,6.066666666666667,6480.0,259.2,388.8,466.56,25.92,2.592,0.0004185394909448852,0.001141022967221484
26_47397476881272832,青菜,11129,161.85999999999999,157,1.4464968152866242,1669.35,300.51,166.95,22.32,122.45,11.129,0.0017970393498169858,0.0011365990367066857
26_51728015360659456,白菜油付/土豆丝,10001,160.01,152,1.6,12001.2,1280.16,349.96999999999997,720.04,240.03,10.001,0.0016148971639428228,0.0011236081296394217
26_49204770417807360,春卷/辣子鸡,3547,159.7,37,4.5,11350.400000000001,709.4000000000001,886.75,638.46,70.94,3.547,0.0005727467493755817,0.0011214312749416638
26_49544546421444608,木耳花菜,7334,154.08,106,2.1,1980.18,366.7,146.68,0.0,146.68,7.334,0.0011842471553201342,0.001081967005904894
26_52450971313377280,黄瓜炒蛋/丝瓜,6635,153.9,95,2.32,7962.0,663.5,530.8,398.1,132.7,6.635,0.0010713771305630067,0.001080703025757809
26_52095219390353408,红烧大排,2635,153.85,35,5.791666666666667,6587.5,131.75,527.0,395.25,0.0,2.635,0.00042548285441349246,0.0010803519201613963
26_54261573253992448,付皮包,3151,152.83,52,4.849999999999999,7877.5,1102.85,315.1,252.07999999999998,63.019999999999996,3.151,0.0005088032160367798,0.0010731893659945806
26_52090573565333504,葱油娃娃菜/莴苣,6919,152.2,100,2.2,3113.55,428.96,172.99,124.56,138.38,6.919,0.001117235624169622,0.0010687654354797824
26_53539013633642496,青椒炒鸡蛋,5793,143.11,102,2.47,6951.6,173.79,463.44,463.44,57.93,5.793,0.0009354163854335339,0.0010049344380519821
26_52088646337171456,藕片/芋头,5927,142.22,93,2.4,7112.4,1629.9,148.18,17.78,189.66,5.927,0.0009570538436845426,0.0009986847584358388
26_145946404735553536,葱油鲳鳊鱼,2001,138.1,22,6.9,3601.8,40.019999999999996,400.2,200.1,9.99,2.001,0.0003231086116437945,0.0009697536572914451
26_84698312074203136,红烧猪蹄,3187,130.60999999999999,46,4.108510638297872,7967.5,159.35,637.4,573.66,0.0,3.187,0.0005146162645221254,0.0009171580389488459
26_57520121396203520,葱油芋头,5520,128.65,84,2.330952380952381,6624.0,828.0,110.4,331.2,110.4,5.52,0.0008913341010863295,0.0009033946995694745
26_84705951579508736,番茄炒蛋,7528,128.54,89,1.7101123595505616,6398.8,376.4,451.68,301.12,75.28,7.528,0.0012155730277133858,0.0009026222672573667
26_61145100864065536,花椒鸡腿,2501,125.89,27,5.033333333333333,5377.15,75.03,650.26,250.1,25.01,2.501,0.00040384539616248374,0.000884013670647502
26_393456802110509056,窑鸡腿,2333,123.64,22,5.3,5832.5,46.660000000000004,699.9,279.96,0.0,2.333,0.00037671783656420413,0.0008682139188089375
26_48819631481294848,清炒南瓜/豆芽,8736,122.32,118,1.4,6814.08,1083.28,305.71,183.46,244.62,8.736,0.001410633099110539,0.0008589447310636463
26_145224950947647488,香酥鸭,2520,119.92999999999999,43,4.755813953488372,6728.4,252.0,504.0,403.2,25.2,2.52,0.00040691339397419394,0.0008421618835551268
26_71653879481241600,虎皮尖椒,4630,118.06,69,2.5565217391304347,1481.6,277.8,46.3,9.280000000000001,92.6,4.63,0.0007476226246430626,0.0008290305342492977
26_328596926113124352,杏鲍菇牛肉粒,1782,115.87,23,6.5,3920.4,142.56,445.5,178.2,35.64,1.782,0.00028774590002460856,0.0008136521091264283
26_57153933495373824,炸鸡排,1989,115.38,37,5.8,5569.2,298.35,397.8,298.35,19.89,1.989,0.00032117092881534594,0.0008102112742815853
26_115155698597367808,大块肉,1076,113.01,15,10.5,3766.0,21.52,269.0,301.28,0.0,1.076,0.00017374556028421933,0.0007935688690116308
26_49177902981451776,干菜长江豆,4529,109.62,85,2.42,5434.8,905.8,271.74,135.87,181.16,4.529,0.0007313137941702874,0.0007697639095748603
26_54626210130563072,凉拌海带,4112,109.0,110,2.65,657.92,123.36,41.12,0.0,41.12,4.112,0.0006639793158817006,0.0007654102001793448
26_52451857385263104,白菜/土豆丝,7361,104.45,111,1.42,8833.2,1324.98,257.65,368.05,220.83,7.361,0.0011886069416841435,0.0007334595909058033
26_76723927300313088,咖喱土豆鸡块,3006,104.37,37,3.4648648648648646,3607.2,300.6,240.48,150.3,60.12,3.006,0.00048538954852635994,0.0007328978219515433
26_128568643398275072,蒜泥生菜,4327,103.83,70,2.4,649.05,86.54,43.27,0.0,43.27,4.327,0.000698696133224737,0.0007291058815102878
26_47392490109669376,小酥肉,1695,101.7,33,6.0,4237.5,254.25,169.5,305.1,16.95,1.695,0.00027369769951835664,0.0007141487831031134
26_187981602796736512,芹菜千张丝,4119,101.0,75,2.45,4942.8,411.9,329.52,247.14000000000001,123.57000000000001,4.119,0.0006651096308649623,0.0007092333047533379
26_71663236436594688,莴笋山药,4164,99.96000000000001,61,2.4,2706.6,549.64,104.12,12.49,87.45,4.164,0.0006723759414716443,0.000701930308347957
26_56456773472751616,木耳芹菜,4175,95.98,81,2.3,1043.75,167.0,41.75,0.0,83.5,4.175,0.0006741521507310555,0.0006739823028735185
26_56817115600130048,莴笋肉丝小炒,1993,95.68,30,4.8,1694.05,79.72,159.44,79.72,19.93,1.993,0.00032181682309149546,0.0006718756692950433
26_62229591430926336,南瓜饼,2936,85.17,51,2.9,7193.2,1027.6,117.44,293.6,58.72,2.936,0.0004740863986937434,0.0005980732729291266
26_211173814946631680,脆骨鸡,1490,82.02,27,5.5,3725.0,149.0,298.0,223.5,14.9,1.49,0.00024059561786569404,0.0005759536203551363
26_318080633790402560,雪菜目鱼花,1673,81.99,23,4.9,2007.6000000000001,133.84,250.95000000000002,83.65,33.46,1.673,0.0002701452809995343,0.0005757429569972888
26_118043002886295552,干菜肉,1807,81.4,35,4.5,6324.5,180.7,361.4,451.75,36.14,1.807,0.00029178273925054303,0.0005715999109596209
26_137976774222024704,虾饼,1551,77.55,43,5.0,2326.5,232.65,155.1,93.06,15.51,1.551,0.00025044550557697413,0.0005445647800358549
26_143406897054224384,口水鸡,1864,76.4,26,4.1,3728.0,93.2,279.6,223.68,18.64,1.864,0.00030098673268567363,0.0005364893513183665
26_316626636449648640,干锅花菜,2483,69.51,34,2.8,1117.35,124.15,49.660000000000004,49.660000000000004,49.660000000000004,2.483,0.0004009388719198109,0.000488107000132718
26_54986185294090240,青椒炒面筋,2152,64.56,73,3.0,2582.4,322.8,107.6,86.08,43.04,2.152,0.00034749112056843865,0.00045334754608787614
26_127105071853998080,香蒿,3002,63.12,52,2.1,1320.88,228.15,96.01,18.01,93.1,3.002,0.0004847436542502104,0.0004432357049111949
26_179749420290674688,青豆玉米炒蛋,2337,63.12,39,2.7,4206.6,280.44,280.44,233.7,70.11,2.337,0.00037736373084035365,0.0004432357049111949
26_249239176657113088,香辣鸡翅根,1111,61.15,19,5.5,3221.9,111.1,222.2,199.98,11.11,1.111,0.00017939713520052756,0.0004294021444125407
26_112973663871045632,菠萝咕咾肉,1432,58.019999999999996,27,4.05,2148.0,286.4,114.56,71.6,14.32,1.432,0.0002312301508615261,0.0004074229340771154
26_54644640376295424,尖椒肉丝小炒,1038,57.11,16,5.5,2595.0,103.8,207.6,155.7,20.76,1.038,0.00016760956466079893,0.0004010328122224072
26_47375044388720640,凉拌黑木耳/素烧鹅,2135,57.02,43,2.67,2562.0,320.25,128.1,85.4,106.75,2.135,0.0003447460698948032,0.0004004008221488646
26_188704784201682944,红烧鸡块,1368,56.089999999999996,16,4.1,2736.0,68.4,273.6,136.8,13.68,1.368,0.00022089584244313384,0.00039387025805559127
26_57153219285094400,宫爆鸡丁,1555,55.97,26,3.6000000000000005,2581.3,124.4,186.6,139.95,15.55,1.555,0.00025109139985312365,0.0003930276046242012
26_118406842278875136,回锅肉,1422,54.03,29,3.8,3796.74,42.660000000000004,170.64000000000001,312.84,0.0,1.422,0.0002296154151711523,0.0003794047074833945
26_112606065291563008,东坡腐,1752,52.56,31,3.0,4380.0,350.4,262.8,210.24,35.04,1.752,0.00028290169295348724,0.00036908220294886574
26_67675887407075328,白菜,3453,51.910000000000004,53,1.5,448.89,82.94,51.78,3.47,34.53,3.453,0.0005575682338860681,0.0003645178301955027
26_67667769247797248,胖干烧肉/香菇鸡块,1192,50.04,24,4.2,3814.4,178.8,298.0,214.56,35.76,1.192,0.00019247649429255523,0.00035138648088967354
26_79993906154049536,茄子长江豆肉丝,1466,49.83,23,3.4,2638.8,219.9,175.92,117.28,58.64,1.466,0.00023672025220879695,0.0003499118373847408
26_62613763622309888,菜心,2464,49.28,38,2.0,689.92,118.28999999999999,51.77,4.91,44.37,2.464,0.0003978708741081007,0.0003460496758242029
26_67667212726571008,木耳莴笋片,1963,49.15,36,2.5,1275.95,212.0,68.72,23.56,53.01,1.963,0.0003169726160203741,0.00034513680127353023
26_109703485867560960,紫米饭,8167,49.0,65,0.6,9147.04,2041.75,204.18,40.81,122.5,8.167,0.0013187546383282706,0.0003440834844842926
26_53555184835629056,红烧茄子/油麦菜,2226,48.96,27,2.2,4006.8,445.2,89.04,222.6,66.78,2.226,0.00035944016467720464,0.0003438026000071626
26_337638272266276864,腐乳烧肉,1134,47.62,21,4.2,2835.0,113.39999999999999,170.1,204.12,11.34,1.134,0.00018311102728838728,0.0003343929700233064
26_213348097303121920,手工蛋包,1446,43.38,19,3.0,2892.0,216.9,144.6,173.52,14.46,1.446,0.00023349078082804937,0.00030461921544752273
26_57520121396203520,葱油芋艿,1938,40.78,26,2.1076923076923078,2325.6,290.7,38.76,116.28,38.76,1.938,0.0003129357767944396,0.00028636172443407046
26_380775275203530752,炒河粉,1728,40.629999999999995,18,2.35,3317.76,518.4,86.4,103.68,34.56,1.728,0.00027902632729659015,0.0002853084076448328
26_64773204853526528,冬瓜酿肉,935,39.79,22,4.265909090909091,748.0,46.75,56.1,37.4,9.35,0.935,0.00015097778704994895,0.0002794098336251021
26_61871928213901312,酸辣藕丝,1808,39.17,38,2.1789473684210527,1319.84,271.2,36.16,3.63,54.24,1.808,0.0002919442128195804,0.00027505612422958656
26_326412536503209984,洋葱土豆条,1817,38.2,27,2.1,2180.4,363.4,45.44,81.76,41.75,1.817,0.0002933974749409168,0.0002682446756591832
26_62597593687003136,土豆片,2342,36.31,36,1.55,12810.74,1241.26,163.94,819.7,117.10000000000001,2.342,0.00037817109868554054,0.0002549728841147891
26_203926522560647168,五花肉炒茶树菇,802,36.11,13,4.5,2566.4,80.2,144.36,192.48,24.06,0.802,0.0001295018023679776,0.0002535684617291389
26_322070570369945600,台湾酸菜猪肚,763,34.37,14,4.5,1602.3,61.04,137.34,91.56,15.26,0.763,0.00012320433317551983,0.00024134998697398238
26_112967197831335936,香菇榨菜肉丝,855,33.36,15,3.9,1026.0,68.4,85.5,42.75,17.1,0.855,0.00013805990152695866,0.00023425765392644902
26_334029950246064128,粉蒸排骨,785,32.97,13,4.2,1727.0,78.5,117.75,94.2,7.85,0.785,0.00012675675169434217,0.00023151903027443117
26_48842303778983936,豆芽,2251,31.5,33,1.4,675.3,132.81,72.04,4.51,40.51,2.251,0.0003634770039031391,0.0002211965257399024
26_115142308009218048,响铃,531,30.27,13,5.700000000000001,1699.2,159.3,63.72,95.58,10.620000000000001,0.531,8.574246515884801e-05,0.00021255932806815383
26_115145697971539968,红烧鸭块,663,29.86,12,4.5,1591.2,33.15,132.6,99.45,6.63,0.663,0.00010705697627178198,0.00020968026217757098
26_185443966425108480,油片豆芽小炒,1416,29.740000000000002,26,2.1,1699.2,141.6,84.96000000000001,113.28,42.480000000000004,1.416,0.00022864657375692803,0.00020883760874618087
26_375691677052047360,莴笋榨菜炒毛豆,1058,25.93,15,2.45,1269.6,126.96,84.64,52.9,42.32,1.058,0.0001708390360415465,0.00018208336229954506
26_385845308564836352,春笋肉丝,681,23.87,13,3.5,817.2,54.48,68.1,34.05,13.62,0.681,0.0001099635005144548,0.00016761781172734827
26_47372471472623616,肉末茄子,1458,23.62,27,1.62,1749.6,116.64,87.48,102.06,29.16,1.458,0.00023542846365649792,0.00016586228374528556
26_114777222631526400,虾皮冬瓜,1756,22.85,22,1.3,280.96,35.12,17.56,0.0,17.56,1.756,0.0002835475872296367,0.00016045525756053239
26_47375420961722368,西红柿炒鸡蛋,1480,22.77,26,1.54,1124.8,59.2,88.8,59.2,14.8,1.48,0.00023898088217532025,0.0001598934886062723
26_128548655006355456,榨菜蒲子,1052,22.080000000000002,15,2.1,473.4,71.54,26.3,12.62,15.77,1.052,0.00016987019462732223,0.0001550482313757792
26_106803599341916160,包菜炒蛋,1021,21.44,16,2.1,918.9,40.84,61.26,51.05,10.21,1.021,0.00016486451398716349,0.00015055407974169866
26_52085560046653440,大排/糖醋里脊,435,21.39,4,4.914285714285714,1218.0,78.3,87.0,65.25,4.35,0.435,7.024100253125967e-05,0.0001502029741452861
26_60784255449567232,红烧萝卜/藕片,971,21.37,1,2.2,1165.1999999999998,153.41,33.99,50.5,34.96,0.971,0.00015679083553529457,0.0001500625319067211
26_64416482125287424,青韭肉末粉条,834,17.52,13,2.1,2668.8,208.5,125.1,150.12,25.02,0.834,0.0001346689565771737,0.00012302740098295523
26_130005595641221120,咸菜豆瓣肉丝小炒,410,17.23,7,4.2,1312.0,61.5,73.8,82.0,12.3,0.41,6.62041633053252e-05,0.00012099098852376249
26_119852192059494400,毛笋烧肉,382,16.240000000000002,7,4.25,1069.6,38.2,57.3,68.76,7.64,0.382,6.16829033722786e-05,0.00011403909771479414
26_316625450900262912,清炒绿豆芽,1965,15.71,29,0.8,864.6,88.42,41.28,45.18,35.36,1.965,0.00031729556315844885,0.00011031737839282117
26_272077287107727360,青椒炒蛋,723,15.19,10,2.1,867.5999999999999,28.92,57.84,57.84,7.23,0.723,0.00011674539041402468,0.00010666588019013071
26_69865795496316928,香菇菜芯,683,14.34,8,2.1,239.05,40.98,13.66,3.42,13.66,0.683,0.00011028644765252955,0.00010069708505111748
26_76378961516564480,香菇菜心,673,14.13,11,2.1,235.55,33.65,13.459999999999999,3.35,13.459999999999999,0.673,0.00010867171196215577,9.92224415461848e-05
26_181462723333328896,长豆香干,544,13.06,11,2.4,979.2,65.28,65.28,54.4,21.76,0.544,8.784162155633392e-05,9.170878178295636e-05
26_316274660020981760,葱油小黄鱼,153,12.239999999999998,2,8.0,229.5,7.65,30.6,9.18,1.5299999999999998,0.153,2.470545606271892e-05,8.595065000179063e-05
26_49573069664161792,西葫芦/花菜,543,11.41,7,2.1,271.5,54.3,13.57,2.72,16.29,0.543,8.768014798729656e-05,8.012229710134242e-05
26_185803521105465344,木耳冬瓜,1354,10.84,19,0.8,677.0,128.60999999999999,33.83,6.76,27.08,1.354,0.00021863521247661056,7.611969330223942e-05
26_313725115709919232,炒榨面,453,10.64,6,2.35,906.0,135.9,22.65,31.71,9.06,0.453,7.314752677393248e-05,7.471527091658926e-05
26_49570510991921152,韭黄炒西葫芦,416,8.74,9,2.1,353.6,32.46,14.56,21.62,8.74,0.416,6.717300471954947e-05,6.137325825291261e-05
26_74551901059944448,青椒目鱼花,171,8.379999999999999,3,4.9,205.2,8.55,30.78,6.84,1.71,0.171,2.761198030539173e-05,5.8845297958742284e-05
26_316266657616105472,茄子长豆双拼,325,8.14,5,2.5,390.0,41.59,11.379999999999999,23.41,13.96,0.325,5.2478909937148025e-05,5.715999109596208e-05
26_135814664750764032,苋菜,361,7.58,6,2.1,90.25,11.559999999999999,10.1,1.09,7.95,0.361,5.829195842249365e-05,5.3227608416141595e-05
26_316621704073973760,酿豆腐,267,6.9399999999999995,5,2.6,400.5,26.7,32.04,21.36,5.34,0.267,4.3113442932980074e-05,4.873345678206103e-05
26_315545203966611456,干锅包菜,329,6.91,6,2.1,148.05,19.74,6.58,3.29,6.58,0.329,5.312480421329754e-05,4.852279342421351e-05
26_194507335236980736,西芹千张肉丝,207,6.0,3,2.9,455.4,20.7,37.26,24.84,6.21,0.207,3.342502879073736e-05,4.2132671569505216e-05
26_105711679718952960,红烧冬瓜,476,5.96,10,1.25,166.6,23.8,4.76,4.76,4.76,0.476,7.686141886179218e-05,4.1851787092375186e-05
26_328588962891436032,把子肉,76,5.55,1,7.3,190.0,3.8,15.2,11.4,0.76,0.076,1.227199124684077e-05,3.897272120179232e-05
26_315922220125917184,木耳南瓜,222,4.890000000000001,4,2.2,99.9,22.2,3.33,0.45,5.109999999999999,0.222,3.5847132326298035e-05,3.4338127329146754e-05
26_259008141906284544,肉末酸豆角,168,4.71,4,2.8,201.6,13.440000000000001,16.8,8.4,3.3600000000000003,0.168,2.7127559598279597e-05,3.30741471820616e-05
26_186531331499495424,番茄丝瓜,205,4.51,2,2.2,41.0,8.2,2.05,0.0,2.05,0.205,3.31020816526626e-05,3.1669724796411424e-05
26_78921651655413760,芹菜香干肉丝,100,4.0,2,4.0,120.0,8.0,10.0,5.0,2.0,0.1,1.6147356903737856e-05,2.808844771300348e-05
26_393468661232439296,飘香臭豆腐,169,3.56,5,2.1,422.5,33.8,20.28,25.35,3.38,0.169,2.7289033167316975e-05,2.4998718464573097e-05
26_130365688081682432,西葫芦炒肉,109,3.27,1,3.0,92.65,4.36,8.72,4.36,1.09,0.109,1.7600619025074263e-05,2.2962306005380345e-05
26_53904924488110080,大白菜/黄瓜炒蛋,73,1.78,1,2.44,109.5,7.3,7.3,5.84,1.46,0.073,1.1787570539728633e-05,1.2499359232286548e-05
26_141607935963959296,炒面,70,1.65,1,2.35,175.0,28.0,5.6,4.9,1.4,0.07,1.1303149832616498e-05,1.1586484681613934e-05
26_120579625901494272,鱼香日本豆腐,50,1.65,1,3.3,75.0,5.0,4.0,4.5,0.5,0.05,8.073678451868928e-06,1.1586484681613934e-05
26_130005595641221120,盐菜豆瓣肉,33,1.39,1,4.2,105.6,4.95,5.94,6.6,0.99,0.033,5.328627778233492e-06,9.760735580268708e-06
