date,meal_period,就餐人数,销售总额,热量需求,碳水需求,蛋白质需求,脂肪需求,膳食纤维需求
2022-09-02,lunch,352,3103.36,243791.73,27425.34,11697.5,8906.37,2183.29
2022-09-05,lunch,322,3051.94,238063.42,25412.88,12190.7,9256.4,1787.89
2022-09-06,lunch,303,3015.5099999999998,248795.82,28592.0,12214.73,9487.61,2352.78
2022-09-07,lunch,285,2825.57,266191.77,27411.37,14647.24,10695.84,2478.81
2022-09-08,lunch,285,2831.52,211671.3,25080.25,11424.46,7555.01,2356.21
2022-09-09,dinner,1,134.49,2355.0,18.84,244.92,150.72,0.0
2022-09-09,lunch,304,3797.64,249880.26,25111.14,14531.55,10004.61,2494.5
2022-09-13,lunch,257,3018.64,221555.4,21828.05,12080.96,9227.61,2013.95
2022-09-14,lunch,246,2781.88,218626.36,22189.51,13801.67,8161.62,2162.94
2022-09-15,lunch,193,2136.93,152562.57,17986.31,8268.07,5105.4,1112.66
2022-09-16,lunch,239,2497.23,178631.36,19849.56,9753.96,6422.21,1193.32
2022-09-19,lunch,263,3070.42,178766.0,20993.33,9284.08,6269.0,1853.34
2022-09-20,lunch,295,3011.49,229241.29,24638.33,11323.65,9067.73,1570.03
2022-09-21,lunch,263,2735.08,204619.83,23103.34,9375.3,8218.11,1826.71
2022-09-22,lunch,282,3465.01,201760.72,21589.38,10800.43,7990.18,1445.62
2022-09-23,lunch,290,3213.38,219670.34,24327.42,11656.81,8045.83,2035.51
2022-09-26,lunch,280,2841.32,199006.0,22251.55,11033.18,7172.97,1328.22
2022-09-27,lunch,280,3083.68,217739.36,22175.83,12166.35,8610.02,1824.02
2022-09-28,lunch,273,3272.35,201099.93,22649.53,10220.76,7866.09,1795.5
2022-09-29,lunch,293,3141.95,215569.87,26448.31,10383.42,7339.67,2052.58
2022-09-30,lunch,239,3080.84,155531.37,16992.08,8738.35,5584.7,1220.17
2022-10-08,lunch,275,3036.7,223775.8,24139.58,12106.02,8638.5,1805.58
2022-10-09,lunch,261,2687.21,188881.11000000002,21722.14,9366.15,7137.32,1673.5
2022-10-10,lunch,303,3460.88,195784.09,23710.76,10726.19,6555.1,2023.43
2022-10-11,lunch,247,3004.61,210385.4,23477.64,10976.86,7939.29,1722.69
2022-10-12,lunch,266,2975.58,209694.54,22050.46,11528.51,8376.26,1690.0
2022-10-13,lunch,262,2931.06,185552.1,21864.07,10087.36,6279.17,1499.99
2022-10-14,lunch,249,2701.42,227482.08,26733.42,10476.74,8571.88,2089.77
2022-10-17,lunch,301,3130.04,213204.98,23742.17,11151.92,7955.09,1640.72
2022-10-18,lunch,305,3370.7,239401.35,27039.69,13074.08,8787.47,1717.05
2022-10-19,lunch,260,2981.13,234847.75,24092.329999999998,12248.39,9477.1,1840.55
2022-10-20,lunch,269,2985.58,192628.91,23358.95,10609.2,6264.69,1765.9
2022-10-21,lunch,245,2637.69,162587.41,19537.57,7744.81,5650.38,1387.24
2022-10-24,lunch,268,3054.78,221282.92,23923.52,11703.69,8517.63,1732.81
2022-10-25,lunch,277,3011.71,219786.13,24063.1,11132.960000000001,8683.54,1982.63
2022-10-26,lunch,259,2875.01,192589.41,21179.05,11060.92,6928.89,1550.82
2022-10-27,lunch,290,3318.33,212954.81,24355.72,11108.49,7648.55,1735.42
2022-10-28,lunch,238,2617.29,193722.71,22743.67,10366.94,6708.88,1546.12
2022-10-31,lunch,288,3451.4,238864.73,26591.34,12894.0,8765.1,2099.35
2022-11-01,lunch,276,2900.01,198578.64,22774.87,10356.61,7316.26,1710.28
2022-11-02,lunch,244,2623.57,182386.1,19695.19,10139.01,6757.88,1238.57
2022-11-03,lunch,279,3003.0,196670.63,23579.28,10085.1,6633.26,1748.29
2022-11-04,lunch,264,2850.96,222035.71,23906.14,11599.56,8566.93,1701.8799999999999
2022-11-08,lunch,265,2647.58,214452.27,24117.76,10493.960000000001,8215.35,2066.79
2022-11-09,lunch,233,2482.23,160280.53,18110.34,9229.83,5567.96,1046.05
2022-11-10,lunch,276,3037.8,226665.59,26041.16,11495.34,8182.98,1776.98
2022-11-11,lunch,281,3391.16,216512.06,21675.82,12639.79,8565.57,1662.77
2022-11-14,lunch,282,2969.99,225033.82,24582.64,11774.11,8619.83,1874.11
2022-11-15,lunch,248,2632.88,192598.73,20932.19,10395.43,7604.33,1964.77
2022-11-16,lunch,267,3018.69,182714.17,20078.84,11018.47,6383.91,1373.65
2022-11-17,lunch,303,3572.81,239590.28,26584.97,12464.35,9121.44,1757.75
2022-11-18,lunch,252,2787.97,199637.91,22924.53,10649.37,6926.53,1482.56
2022-11-21,lunch,261,2909.01,186646.06,20876.71,10126.78,6801.6,1391.42
2022-11-22,lunch,272,2977.77,229383.16,24194.26,12171.45,9098.45,1985.15
2022-11-23,lunch,257,3101.94,205745.39,24256.98,9838.93,7475.97,1836.49
2022-11-24,lunch,288,3039.84,199562.06,23013.31,11187.84,6827.72,1599.1
2022-11-25,lunch,282,2989.31,240900.04,26311.77,12240.47,9103.91,2026.36
2022-11-28,lunch,274,2866.12,208507.37,24510.95,10051.47,7589.17,1766.36
2022-11-29,lunch,256,2719.54,211081.75,23027.12,11096.72,8257.5,1942.46
2022-11-30,lunch,260,3004.59,193107.98,20717.01,11008.35,6894.5,1303.04
2022-12-01,lunch,284,3674.13,213413.24,24881.06,11304.92,7706.92,2006.75
2022-12-02,lunch,254,2849.12,222941.91,24133.75,11243.72,8664.25,1665.25
2022-12-05,lunch,266,3159.86,198124.02,20213.06,12294.45,7210.44,1343.95
2022-12-06,lunch,291,2947.97,229116.89,27524.31,11247.43,8161.36,2072.04
2022-12-07,lunch,296,3235.1,203735.64,22995.27,10783.24,7461.45,1721.55
2022-12-08,lunch,316,3303.38,240778.64,27838.0,13266.15,8021.17,2002.17
2022-12-09,lunch,311,3336.45,246111.22,26971.2,12956.41,9339.91,1860.69
2022-12-12,lunch,278,2988.81,200164.67,22678.13,10919.59,6986.87,1609.23
2022-12-13,lunch,281,3006.63,177919.99,22339.01,9084.81,5711.91,1459.05
2022-12-14,lunch,246,2771.66,193196.53,21126.61,10762.74,7003.0,1345.35
2022-12-15,lunch,323,3542.55,236208.7,27016.79,12452.11,8242.01,1869.12
2022-12-16,lunch,231,2784.73,170759.42,19290.16,9697.05,6217.48,1445.31
2022-12-17,lunch,164,2404.75,151720.34,14944.39,8436.59,6128.29,1040.77
2022-12-18,lunch,28,422.82,26164.86,2167.88,1619.21,1121.31,164.09
2022-12-19,lunch,132,1766.09,105481.12,11554.9,5327.88,4041.24,738.85
2022-12-20,dinner,9,49.04,3773.7,658.66,156.26,53.33,46.7
2022-12-20,lunch,115,1405.02,88494.93,11099.45,4723.06,2808.45,650.2
2023-02-07,lunch,1,8.78,5185.7,1124.9,107.7,11.97,15.96
2023-02-08,other,1,91.32,2075.5,423.4,103.78,12.45,116.23
2023-02-09,dinner,3,41.1,2406.7200000000003,286.85,122.33,80.2,14.919999999999998
2023-02-09,lunch,325,3606.13,226228.61000000002,25007.96,12812.44,7919.22,1602.64
2023-02-10,dinner,11,130.22,8243.19,803.79,428.58,359.33,68.33
2023-02-10,lunch,379,3686.87,261002.68,30325.56,13097.2,9077.91,1887.01
2023-02-13,lunch,279,2935.09,184705.05,21652.77,10337.95,6147.01,1484.88
2023-02-14,lunch,249,2598.67,189637.6,21859.59,9843.91,6832.04,1444.73
2023-02-15,lunch,301,3242.13,214022.93,24203.4,12191.5,7223.4,1638.51
2023-02-16,lunch,312,3315.88,210864.86,25409.91,11017.03,6922.11,1529.55
2023-02-17,lunch,301,3233.56,228027.58,25009.34,12448.74,8529.59,1728.71
2023-02-20,lunch,268,2892.24,195472.42,23435.87,10183.41,6340.82,1418.32
2023-02-21,lunch,283,2981.31,205127.7,25371.84,10132.47,6798.43,1641.2
2023-02-22,lunch,283,3175.76,207089.88,22966.4,11676.53,7657.89,1616.98
2023-02-23,lunch,300,3131.25,205777.87,23715.74,11951.1,6847.99,1871.04
2023-02-24,lunch,239,2710.19,168985.96,20295.72,8533.07,5862.01,1329.72
2023-02-27,lunch,247,3030.34,199724.61,21096.329999999998,11438.53,7443.76,1466.57
2023-02-28,lunch,245,2660.72,158195.51,18747.84,8422.13,5333.29,1401.23
2023-03-01,lunch,274,3109.71,192570.58,21322.91,11086.44,6735.66,1540.49
2023-03-02,lunch,288,3294.24,212849.13,26537.0,10756.29,6955.42,1883.29
2023-03-03,lunch,237,2759.29,162789.49,18908.98,9095.3,5388.53,1301.25
2023-03-06,lunch,256,2832.78,176034.22,20474.61,9695.83,5783.98,1264.44
2023-03-07,lunch,295,3258.8,200436.78,25105.02,10523.4,6352.38,1731.6299999999999
2023-03-08,lunch,245,2981.75,173938.19,19564.11,9750.81,6240.21,1531.58
2023-03-09,lunch,259,3458.46,196545.3,20195.49,11410.24,7484.59,1487.8
2023-03-10,lunch,227,2407.42,161145.85,20562.58,8006.03,5000.05,1530.84
2023-03-13,lunch,287,3375.77,193271.99,23508.05,10298.51,6207.61,1465.79
2023-03-14,lunch,286,3109.67,201675.84,24349.62,9785.88,6964.79,1685.7
2023-03-15,lunch,264,2812.98,193314.26,21283.0,10971.81,7004.01,1481.41
2023-03-16,lunch,272,3239.12,193693.23,23251.94,10285.15,6573.39,2018.7
2023-03-17,lunch,228,2762.08,175350.97,18621.98,8911.16,6830.25,1082.71
2023-03-20,lunch,250,2899.97,182850.36000000002,21920.19,9439.69,6144.8,1578.8
2023-03-21,lunch,252,2852.81,165363.94,21348.73,8875.29,4674.74,1371.69
2023-03-22,lunch,284,2947.07,209192.92,22415.86,11710.12,7861.35,1473.03
2023-03-23,lunch,279,3090.51,198376.97,23846.32,10221.38,6621.25,1473.93
2023-03-24,lunch,257,2875.35,216605.77,24635.18,10321.56,7908.55,1895.28
2023-03-27,lunch,274,2984.54,186135.62,21701.27,10403.54,6028.9,1330.43
2023-03-28,lunch,283,3074.59,224509.9,27785.61,10690.83,7715.05,2065.86
2023-03-29,lunch,279,3033.47,191115.12,21971.91,10386.33,6554.87,1549.86
2023-03-30,lunch,262,2817.18,184181.77,21843.22,9673.91,6356.95,1495.68
2023-03-31,lunch,230,2721.45,186073.44,21722.31,9262.02,6606.14,1473.0
2023-04-03,lunch,269,3013.97,178824.66,20329.2,10384.67,5958.5,1209.17
2023-04-04,lunch,263,2939.66,196437.94,25060.23,9502.05,6439.38,1665.86
2023-04-06,lunch,264,3061.79,187694.52,21145.31,10271.34,6552.99,1361.46
2023-04-07,lunch,238,2648.16,179097.37,19657.9,9839.84,6452.8,1443.75
2023-04-10,lunch,256,2832.48,179376.12,21514.03,9635.93,5717.38,1497.53
2023-04-11,lunch,245,2961.44,188030.08,20678.27,10411.04,7055.16,1404.86
2023-04-11,other,1,240.63,14142.5,577.7,866.55,979.86,115.54
2023-04-12,lunch,261,2837.47,177260.92,20988.02,9670.2,5683.37,1501.07
2023-04-13,lunch,255,2601.37,165591.96,21385.01,8630.39,4984.07,1413.22
2023-04-14,lunch,229,2438.45,160517.59,18419.81,8615.0,5473.68,1130.89
2023-04-17,lunch,278,2940.28,189889.72,22903.82,10657.32,5718.03,1417.36
2023-04-18,lunch,279,3253.6,227727.2,25429.01,10667.71,8758.02,1968.85
2023-04-19,lunch,266,2810.74,177175.76,20517.89,9773.81,5918.88,1411.08
2023-04-20,lunch,261,2865.9,184775.28,21585.3,9783.45,6429.96,1436.32
2023-04-21,lunch,266,2808.75,203602.94,22399.29,10199.85,7533.56,1499.33
2023-04-23,lunch,272,3228.24,213419.4,24743.31,11524.54,7180.84,1774.36
2023-04-24,lunch,246,4556.49,196067.37,19317.67,12077.16,7696.82,1261.42
2023-04-25,lunch,285,3279.46,206020.24,24281.74,10413.88,7186.01,1754.93
2023-04-26,lunch,253,2775.61,183564.73,21326.59,9839.17,6060.33,1707.6
2023-04-27,lunch,271,2780.43,187297.88,23144.28,9439.65,5899.64,1578.21
2023-04-28,lunch,228,2442.44,147489.2,18411.59,7733.86,4561.8,1263.0
2023-05-04,lunch,279,3006.31,213386.25,24346.93,11123.54,7448.35,1543.76
2023-05-05,lunch,250,2772.72,170509.58,21141.43,8195.47,5585.34,1495.7
2023-05-06,lunch,281,3280.27,204800.48,21751.64,11616.99,7468.44,1602.48
2023-05-08,lunch,290,3091.76,215690.68,24031.03,11193.61,7737.36,1709.44
2023-05-09,lunch,273,3043.65,198642.37,21290.14,10659.19,7515.06,1596.34
2023-05-10,lunch,250,2571.02,168505.37,19667.11,8059.84,6007.86,1545.49
2023-05-11,lunch,278,2833.96,202367.53,21977.3,11326.09,7342.09,1526.5
2023-05-12,lunch,209,2344.59,153071.65,17700.84,8276.12,5282.29,1107.44
2023-05-15,lunch,271,3153.58,180350.06,20356.34,9714.23,6417.72,1364.02
2023-05-16,lunch,272,2695.11,178517.45,21408.14,9512.13,5886.77,1376.61
2023-05-17,lunch,262,2972.36,187680.24,21500.28,9411.17,6701.7699999999995,1447.5
2023-05-18,lunch,296,3010.35,187032.33,23002.32,9945.17,6186.27,1742.93
2023-05-19,lunch,259,2556.94,184928.29,21836.85,9658.19,6454.41,1323.14
2023-05-20,lunch,6,55.760000000000005,2921.3599999999997,273.68,191.15,121.26,23.11
2023-05-22,lunch,253,2660.27,169416.09,19677.43,9192.02,5682.91,1288.82
2023-05-23,lunch,278,3001.63,174396.21,22221.45,8869.02,5341.47,1726.31
2023-05-24,lunch,222,2385.43,157721.72,16920.24,9126.43,5810.01,1080.56
2023-05-25,lunch,258,2973.43,174806.13,21135.83,9484.1,5632.4,1369.67
2023-05-26,lunch,233,2766.11,168555.74,18440.43,8719.44,6212.7,1247.76
2023-05-29,lunch,277,3107.86,197567.53,23150.329999999998,10879.47,6759.42,1760.4
2023-05-30,lunch,268,2499.34,165913.67,20657.55,8049.95,5429.96,1339.86
2023-05-31,lunch,255,2737.9900000000002,171406.1,20080.75,9085.63,5883.77,1216.7
2023-06-01,lunch,225,2259.32,147715.53,17439.7,8201.03,4983.06,1291.75
2023-06-02,lunch,264,2908.7400000000002,159088.06,19387.75,8498.53,4992.5,1335.06
2023-06-05,lunch,290,3057.99,192275.26,20289.71,12095.87,6803.85,1326.82
2023-06-06,lunch,264,2847.39,165492.09,19716.27,9199.0,5359.62,1215.71
2023-06-07,lunch,290,3406.61,216003.51,25300.92,10473.039999999999,7821.47,1789.4
2023-06-08,lunch,268,2819.72,188214.82,21519.45,10097.16,6714.44,1700.91
2023-06-09,lunch,256,2641.72,163228.33,19502.89,8700.88,5487.29,1258.23
2023-06-12,lunch,269,2786.04,187669.86,21811.73,9586.06,6448.93,1412.0
2023-06-13,lunch,271,2695.68,203405.08,23148.48,10651.01,7477.74,1537.06
2023-06-14,lunch,279,2894.39,191262.82,22939.16,9303.48,6634.09,1754.77
2023-06-15,lunch,321,3313.2,215390.28,24342.93,11621.07,7727.0,1734.24
2023-06-16,lunch,290,3142.9,198094.69,23258.97,10774.24,6805.38,1656.03
2023-06-19,lunch,296,2972.4,195530.71,22205.61,10777.87,6892.47,1586.08
2023-06-20,lunch,268,2782.66,192146.78,21701.3,9873.54,6985.67,1487.46
2023-06-21,lunch,263,2744.62,178490.93,20869.21,8959.06,6470.84,1340.82
2023-06-24,lunch,35,395.34000000000003,26374.260000000002,2779.61,1502.3600000000001,1017.6,181.94
2023-06-25,dinner,61,632.82,42425.23,5417.9,2066.55,1272.96,278.94
2023-06-25,lunch,320,3508.32,214260.38,25083.41,11482.06,7392.67,1757.01
2023-06-25,other,7,60.5,4010.2,486.87,206.3,133.1,29.81
2023-06-26,dinner,58,603.22,50412.65,5921.78,2391.28,1719.6,358.59
2023-06-26,lunch,367,3864.25,280782.62,30768.78,15073.56,10323.26,1946.07
2023-08-29,other,4,78.02,3442.4500000000003,376.31,243.49,98.02000000000001,53.18
2023-09-01,dinner,56,617.29,44022.51,4950.67,2487.68,1516.94,307.98
2023-09-01,lunch,234,2697.22,197977.98,24668.02,10325.45,6260.22,1566.88
2023-09-01,other,1,1.22,130.0,20.8,4.16,3.64,1.04
2023-09-02,dinner,103,1164.55,77724.72,10197.48,3901.31,2228.37,589.68
2023-09-02,lunch,292,3436.67,242571.25,28948.920000000002,12291.67,8109.01,2008.04
2023-09-03,dinner,65,772.38,53331.32,6339.29,2876.04,1766.11,469.83
2023-09-03,lunch,263,3070.31,215989.66,25327.14,11013.49,7619.86,1460.42
2023-09-04,dinner,82,834.79,61255.11,6486.65,3413.44,2320.2799999999997,375.62
2023-09-04,lunch,305,3360.74,225767.18,27130.16,11899.91,7302.12,1599.62
2023-09-05,dinner,83,836.35,57932.93,7177.01,2648.4,1922.09,408.03
2023-09-05,lunch,237,2625.91,167086.25,22108.91,8162.72,4807.42,1356.25
2023-09-06,lunch,354,4364.92,240745.72,27357.06,13539.01,7978.3,1597.22
2023-09-07,lunch,343,3637.13,237067.75,26939.01,12962.01,8238.2,1755.72
2023-09-08,lunch,305,3285.91,199660.06,25183.15,9861.35,6486.93,1695.2
2023-09-11,lunch,298,2923.25,197581.83,22148.94,10656.25,6997.7300000000005,1385.86
2023-09-12,lunch,300,3030.3,219023.54,25638.86,10990.09,7865.65,1833.87
2023-09-13,lunch,285,2964.04,186629.11,22389.57,9780.69,6206.41,1361.85
2023-09-14,lunch,213,2341.32,146140.07,17585.25,7572.97,4881.41,1254.2
2023-09-15,lunch,327,3383.9900000000002,217093.28,24843.45,11653.3,7616.09,1499.25
2023-09-15,other,1,0.28,10.0,0.4,0.6,0.72,0.04
2023-09-18,lunch,353,3491.54,235776.89,28755.82,11970.96,7801.01,2045.95
2023-09-19,lunch,329,3418.45,221686.72,27058.27,11884.64,7042.53,1604.29
2023-09-20,lunch,325,3291.68,227418.7,26157.01,11459.56,8075.88,1911.42
2023-09-21,lunch,319,3430.26,207867.2,24736.3,10901.66,6969.5,1666.09
2023-09-22,lunch,308,3217.87,217132.74,24596.12,11608.6,7721.31,1612.73
2023-09-25,lunch,345,3371.5,243650.0,28875.16,12833.73,8125.66,2047.29
2023-09-26,lunch,314,3210.79,222505.35,26244.16,11266.49,7627.85,1929.56
2023-09-27,lunch,312,3092.16,206828.17,25257.72,11269.17,6426.59,1846.72
2023-09-28,lunch,275,2783.96,186964.28,22118.9,9436.98,6455.09,1598.34
2023-10-07,lunch,316,3276.02,208881.48,25257.38,11420.31,6652.24,1801.51
2023-10-08,lunch,330,3320.9,230801.88,27376.94,12528.99,7796.36,1799.28
2023-10-09,lunch,338,3399.72,221682.05,26977.05,11322.94,7448.32,2024.02
2023-10-10,lunch,326,3446.22,219939.97,25445.87,12057.36,7493.03,1775.53
2023-10-11,lunch,286,3268.79,189287.97,22630.48,9975.210000000001,6350.95,1612.76
2023-10-12,lunch,321,3398.37,218817.8,25281.68,11636.74,7661.68,1933.7
2023-10-13,lunch,317,3597.65,230298.83,25981.55,12102.99,8317.02,1982.46
2023-10-16,lunch,325,3358.81,221630.13999999998,25160.79,12288.9,7841.9,1907.1299999999999
2023-10-17,lunch,297,3184.83,203474.09,23315.21,10989.21,7205.4,1728.11
2023-10-18,lunch,297,3244.53,202960.08,23390.95,11095.49,7025.89,1756.47
2023-10-19,lunch,321,3404.18,217630.75,24940.27,11638.52,7630.69,1884.96
2023-10-20,lunch,269,2934.7,191845.79,21291.72,10498.3,6858.05,1684.83
2023-10-23,lunch,276,3116.48,189779.3,22041.53,10540.76,6302.38,1392.76
2023-10-24,lunch,319,3784.36,236473.28,27277.89,12341.59,8303.15,2155.37
2023-10-25,lunch,317,3267.78,219794.46,26183.38,11156.9,7577.55,1823.46
2023-10-26,lunch,340,3386.03,217307.58000000002,26885.92,11697.32,6554.88,1804.23
2023-10-27,lunch,283,2881.03,192831.15,22358.88,9971.07,6756.93,1576.54
2023-10-30,lunch,333,3447.57,225726.24,26947.2,11999.89,7560.95,1862.63
2023-10-31,lunch,323,3515.6,218186.36000000002,26567.77,10718.84,7247.05,1805.0
2023-11-01,lunch,325,3193.73,216692.15,27726.62,11137.76,6633.04,1789.95
2023-11-02,lunch,297,3263.15,214164.5,24325.04,11839.210000000001,7399.62,1630.32
2023-11-03,lunch,305,3221.49,207730.03,24039.61,10886.53,7242.3,1714.37
2023-11-06,lunch,333,4167.14,242209.16,27483.44,12585.06,8658.01,1950.24
2023-11-07,lunch,315,3232.73,206091.03,24165.5,12050.2,6627.04,1661.34
2023-11-08,lunch,272,2681.45,184018.3,21634.25,9414.91,6508.92,1557.29
2023-11-09,lunch,268,2880.6,186747.53,21744.16,9532.46,6422.18,1317.41
2023-11-10,lunch,211,2466.82,153601.46,18989.4,7969.38,4832.04,1427.22
2023-11-13,lunch,327,3564.93,245676.72,28150.23,12907.83,8754.01,2019.13
2023-11-14,lunch,316,3756.8,223651.75,26197.68,11767.57,7757.89,1921.67
2023-11-15,lunch,349,4000.7400000000002,265245.73,29450.91,13801.83,9727.52,1974.49
2023-11-16,lunch,273,3093.16,211491.03,26229.27,10740.68,6916.74,1867.78
2023-11-17,lunch,291,3168.51,217245.72,25140.69,11023.3,7889.32,1824.85
2023-11-20,lunch,363,4021.38,238155.38,29386.24,12687.69,7361.86,1965.17
2023-11-21,lunch,327,3562.23,232288.0,25834.27,12809.46,8551.87,1804.83
2023-11-22,lunch,356,4159.64,251351.42,30218.07,12683.9,8591.04,2185.27
2023-11-23,lunch,344,3624.74,243365.07,28495.54,13137.26,8206.43,1972.97
2023-11-24,lunch,324,3566.82,241726.37,28239.85,12016.92,8735.61,2150.7
2023-11-27,lunch,350,3755.41,234423.46,29117.68,12270.19,7222.01,2107.2
2023-11-27,other,1,0.28,13.3,1.63,0.53,0.58,0.49
2023-11-28,lunch,339,3459.74,240891.04,29130.58,12248.54,8394.02,1943.63
2023-11-29,lunch,327,3467.02,225750.6,26708.03,11669.210000000001,7640.51,1753.91
2023-11-30,lunch,351,4160.94,260563.24,30255.45,13320.43,9275.47,2198.98
2023-12-01,lunch,320,3330.46,224433.54,27020.99,12094.97,7112.83,1759.3
2023-12-01,other,1,0.23,10.8,0.9,0.72,0.48,0.18
2023-12-04,lunch,299,3258.31,213309.69,24711.89,11334.4,7435.82,1866.97
2023-12-05,lunch,322,3673.48,237628.26,27881.47,12672.28,8158.49,1966.12
2023-12-06,lunch,365,3720.06,249967.17,29692.78,13087.62,8546.71,1880.14
2023-12-07,lunch,302,3546.72,221114.04,26034.63,11280.98,7780.49,1914.37
2023-12-08,lunch,301,3317.72,213116.13,25378.7,11440.71,7070.85,1629.81
2023-12-11,lunch,322,3304.05,222380.13,26448.34,11974.73,7123.56,1753.62
2023-12-12,lunch,335,3496.02,244838.96,28087.71,12643.42,8686.5,1975.77
2023-12-13,lunch,332,4073.89,258934.66,29889.98,14106.41,9115.45,1952.41
2023-12-14,lunch,315,3366.79,229978.58,27238.97,12133.18,7632.95,1828.71
2023-12-15,lunch,293,3222.18,215610.33,24144.18,11515.3,7885.1,1710.54
2023-12-18,lunch,252,2685.6,176989.85,22165.74,9137.4,5610.66,1637.14
2023-12-19,lunch,278,3294.15,202263.17,22830.36,10629.24,7400.12,1642.76
2023-12-20,lunch,272,2851.6,184268.62,22570.41,10060.24,5649.57,1520.29
2023-12-21,lunch,284,3125.05,222903.68,24947.55,11696.55,8293.93,1781.6
2023-12-22,lunch,236,2561.73,171770.3,21385.67,8740.51,5479.07,1505.29
2023-12-25,lunch,290,3412.06,210891.15,25129.96,11394.65,6957.34,1834.78
2023-12-26,lunch,283,3125.2,211033.4,24631.420000000002,11085.72,7302.57,1607.82
2023-12-27,lunch,336,3538.24,247373.1,27853.3,12589.66,8968.99,1814.77
2023-12-28,lunch,315,3588.31,231028.14,27188.87,11691.76,8061.31,1936.99
2023-12-29,lunch,255,2843.36,181304.18,20247.03,10102.08,6401.24,1421.49
2024-01-02,lunch,309,3450.72,223033.28,25952.09,12283.76,7351.04,1965.75
2024-01-03,lunch,311,3230.09,220184.17,25276.42,11687.87,8056.78,1785.91
2024-01-04,lunch,303,3217.44,194490.55,23176.68,10309.28,6414.52,1776.88
2024-01-05,lunch,260,2783.39,189237.14,22244.98,10179.4,6402.34,1704.73
2024-01-08,lunch,278,2818.52,194936.03,22607.11,10531.92,6712.64,1516.07
2024-01-09,lunch,284,2971.89,209922.13,24545.61,11024.6,7283.15,1787.04
2024-01-10,lunch,301,3327.4,215075.14,24393.53,11845.34,7341.58,1782.16
2024-01-11,lunch,295,3243.62,218815.37,25223.98,11121.11,7800.96,1704.65
2024-01-12,lunch,263,2844.55,185993.47,21806.56,10227.85,6434.51,1754.86
2024-01-15,lunch,265,2741.61,188763.98,21774.23,10120.0,6547.59,1615.38
2024-01-16,lunch,240,2470.87,155371.19,19378.92,8176.38,4923.34,1460.63
2024-01-17,lunch,233,2492.03,181815.79,19227.44,9638.78,7043.55,1433.42
2024-01-18,lunch,247,2601.56,165595.6,20400.08,8490.55,5260.01,1455.02
2024-01-19,lunch,274,2861.46,201713.13999999998,22940.91,10573.17,7337.42,1713.9
2024-01-20,dinner,38,393.99,25964.37,2544.96,1557.0,1047.1299999999999,183.89
2024-01-20,lunch,47,486.36,31639.99,3533.24,1622.03,1269.32,291.34
2024-01-21,dinner,15,206.21,12517.34,1312.96,754.13,435.75,86.59
2024-01-21,lunch,51,579.47,41209.020000000004,4737.03,2279.71,1342.75,266.51
2024-01-22,dinner,30,369.44,23899.43,2430.32,1551.13,818.19,160.75
2024-01-22,lunch,413,4719.77,269137.96,24640.52,16661.21,11411.24,2838.95
2024-01-22,other,4,23.29,1590.95,164.37,95.74,55.82,9.540000000000001
2024-01-23,dinner,39,449.67,32432.07,3419.27,1751.17,1310.82,240.48
2024-01-23,lunch,327,3475.19,237883.22,27753.45,12463.45,8207.65,1942.18
2024-01-24,dinner,24,283.28,18155.11,1906.8600000000001,992.75,676.65,97.83
2024-01-24,lunch,138,1479.66,105461.82,11439.71,5759.18,3845.96,771.96
2024-01-25,dinner,16,190.33,14881.7,1470.7,828.3299999999999,622.91,135.02
2024-01-25,lunch,89,945.26,65087.71,7611.76,3141.5099999999998,2375.61,667.53
2024-01-26,dinner,20,203.08,15508.25,1684.97,876.92,549.38,98.65
2024-01-26,lunch,112,1252.24,91668.6,10545.54,4538.59,3272.16,687.08
2024-01-27,dinner,12,134.59,8331.9,1054.94,400.51,270.78,62.230000000000004
2024-01-27,lunch,77,813.17,56521.82,5881.99,3235.81,2109.53,487.31
2024-01-28,dinner,13,213.29,13229.94,956.5699999999999,883.8,653.84,107.93
2024-01-28,lunch,46,451.08,30276.05,3306.2599999999998,1682.01,1081.23,210.23
2024-01-29,dinner,15,150.67,10320.6,1154.75,558.3,374.14,76.42999999999999
2024-01-29,lunch,74,745.51,53653.659999999996,6132.24,2779.38,1996.1299999999999,464.36
2024-01-30,dinner,17,198.69,15339.9,1608.97,812.0699999999999,602.19,152.52
2024-01-30,lunch,78,843.33,60597.08,6455.32,3232.49,2275.98,551.34
2024-01-31,dinner,17,154.10999999999999,9941.1,1088.83,591.17,333.90999999999997,78.97
2024-01-31,lunch,80,739.84,48512.88,6346.8,2510.34,1391.18,453.17
2024-02-01,dinner,8,74.78999999999999,5517.36,842.57,212.72,134.34,56.129999999999995
2024-02-01,lunch,63,631.23,43480.29,4943.57,2287.78,1553.27,332.4
2024-02-02,dinner,4,25.66,2094.5,328.82,84.02000000000001,49.120000000000005,24.21
2024-02-02,lunch,32,285.03000000000003,24583.0,2758.37,1264.98,937.18,205.83
2024-02-26,lunch,263,3264.27,183850.77,19795.68,10896.31,6541.21,1521.99
2024-02-27,lunch,280,3137.85,194018.88,22498.05,10274.63,6693.49,1685.38
2024-02-28,lunch,322,3405.38,233123.4,30021.88,11687.09,7145.5,1998.65
2024-02-29,lunch,310,3245.32,233191.12,25991.3,12281.91,8575.64,1947.67
2024-03-01,lunch,318,3320.37,208876.67,25791.67,10698.2,6685.0,1771.56
2024-03-04,lunch,342,3814.71,257665.58,29969.61,12969.94,9321.65,2295.31
2024-03-05,lunch,322,3615.58,239747.52,27450.4,12748.96,8542.2,2228.18
2024-03-06,lunch,321,3444.41,227021.69,26532.46,12276.25,7650.01,1771.25
2024-03-07,lunch,323,3471.39,253678.01,29067.97,12883.91,9130.92,2118.05
2024-03-08,lunch,306,3543.08,205940.75,24802.42,10586.75,6782.96,1882.11
2024-03-11,lunch,321,3633.12,225541.37,25456.47,12069.74,7948.09,1806.38
2024-03-12,lunch,317,3282.33,216610.49,26862.01,11301.16,7028.68,1933.42
2024-03-13,lunch,315,4107.25,229866.47,25884.98,13014.61,8252.05,1907.03
2024-03-14,lunch,341,3774.13,233073.2,26938.09,12596.23,7804.31,1894.27
2024-03-15,lunch,316,4048.05,225147.52,25825.48,12468.25,7994.56,2008.03
2024-03-18,lunch,379,4613.54,286609.24,30387.62,16487.08,10354.22,2067.86
2024-03-19,lunch,345,3383.05,237356.58,29579.95,11793.82,7943.89,2188.7
2024-03-20,lunch,339,3556.18,247141.71,29096.07,12226.96,8600.74,2120.78
2024-03-21,lunch,325,3944.19,218243.76,25510.21,12330.89,7169.24,1616.51
2024-03-22,lunch,327,3441.96,232598.62,26410.92,12245.93,8548.16,2038.75
2024-03-25,lunch,380,4023.86,264080.09,30690.43,14045.9,8919.57,2166.68
2024-03-26,lunch,307,3028.82,223665.86000000002,26284.95,11247.63,8033.0,2044.39
2024-03-27,lunch,350,3528.15,239274.5,27892.88,12178.3,8393.8,2130.88
2024-03-28,lunch,326,4088.3,228236.78,28191.96,12299.71,7278.15,1783.57
2024-03-29,lunch,291,3537.99,219277.41,23080.2,11809.19,8742.8,1662.74
2024-04-01,lunch,351,3823.9,243845.69,26890.01,13953.28,8393.289999999999,2086.11
2024-04-02,lunch,323,3032.15,211954.88,25484.95,10302.68,7113.27,1779.31
2024-04-03,lunch,309,3315.74,248654.71,27191.670000000002,13114.18,9512.82,2075.37
2024-04-07,lunch,270,2751.14,184170.12,21392.92,10319.38,6115.73,1689.25
2024-04-08,lunch,341,3621.97,239547.82,29242.14,11840.24,8220.72,2085.09
2024-04-09,lunch,338,3478.68,241331.62,26108.63,12969.89,9127.12,1821.66
2024-04-10,lunch,321,3843.07,223529.58,25682.43,12092.62,7704.28,1901.8
2024-04-11,lunch,364,3836.42,253515.85,28451.47,14344.92,8773.06,2072.48
2024-04-12,lunch,317,3397.11,225246.31,26159.13,11478.11,8055.59,1859.03
2024-04-15,lunch,338,3467.69,246427.81,28380.63,13072.72,8515.39,2322.24
2024-04-16,lunch,334,3641.07,222134.94,26523.61,11577.12,7495.84,1868.26
2024-04-17,lunch,340,3481.59,247194.92,28997.08,12669.75,8688.17,2012.1
2024-04-18,lunch,349,3678.24,271769.63,29540.8,14325.14,10243.78,2440.49
2024-04-19,lunch,334,3515.08,227268.89,27548.89,11828.29,7490.55,1967.16
2024-04-22,lunch,344,3681.57,250328.81,28805.69,12842.45,8833.0,2025.84
2024-04-23,lunch,304,3345.69,245259.68,27012.42,13013.59,9284.12,1994.92
2024-04-24,lunch,354,4039.84,255270.3,28220.44,14098.33,9272.66,2041.36
2024-04-25,lunch,288,3400.75,199136.62,22961.37,10574.69,7143.81,1883.69
2024-04-26,lunch,291,3320.45,212078.15,23060.26,11555.78,7767.41,1602.41
2024-04-28,lunch,268,2747.47,180676.63,21898.98,9468.3,5891.73,1784.22
2024-04-29,lunch,312,3391.05,224007.09,25554.54,11492.53,7978.11,1975.17
2024-04-30,lunch,254,2752.29,183923.29,21365.19,10367.63,6209.3,1624.55
2024-05-06,lunch,297,3092.12,199856.37,22805.64,11240.51,6993.75,1818.46
2024-05-07,lunch,307,3189.33,217897.59,26573.55,10721.07,7239.74,2033.06
2024-05-08,lunch,302,3259.79,222463.04,23975.84,12528.29,8291.51,1651.85
2024-05-09,lunch,329,3343.94,226860.98,26912.0,11758.57,7891.65,2080.2
2024-05-10,lunch,334,4282.1,244280.31,25703.57,14002.12,9106.29,1703.19
2024-05-11,lunch,264,2911.33,182782.97,20826.38,10129.94,6188.05,1569.83
2024-05-13,lunch,304,2957.87,208518.33,23830.75,11277.65,7383.47,1753.94
2024-05-14,lunch,349,3658.37,238480.78,27499.43,12914.79,8225.25,1908.66
2024-05-15,lunch,287,2986.94,200398.02,22615.37,10886.89,7212.62,1603.09
2024-05-16,lunch,321,3366.45,225986.37,26425.75,12227.11,7778.08,2168.05
2024-05-17,lunch,308,3417.61,217523.34,23334.04,11629.0,8172.36,1721.68
2024-05-20,lunch,288,3136.18,215138.38999999998,23763.0,11641.21,7945.03,1926.81
2024-05-21,lunch,310,3340.66,205333.32,23900.65,11233.23,6962.06,1792.02
2024-05-22,lunch,311,4041.34,229396.26,24165.31,13218.24,8530.0,1770.98
2024-05-23,lunch,314,3237.12,206460.39,24687.67,11229.82,6811.07,2194.21
2024-05-24,lunch,294,3403.6,200343.25,23072.99,10285.92,6931.55,1543.2
2024-05-27,lunch,324,3551.16,226488.92,24755.17,12821.58,8140.36,1883.93
2024-05-28,lunch,348,3988.29,234088.09,26539.2,12962.89,8086.94,1874.65
2024-05-29,lunch,323,4197.42,240323.71,24954.94,13896.21,9478.11,1761.95
2024-05-30,lunch,321,3599.13,228056.9,24269.76,13199.46,8195.32,1769.85
2024-05-31,lunch,270,3198.54,177628.75,20541.08,9662.78,6153.22,1690.74
2024-06-03,lunch,324,3704.48,224607.05,24024.27,12890.53,8229.47,1867.93
2024-06-04,lunch,366,4270.73,256358.18,27841.86,14461.12,9030.18,1981.04
2024-06-05,lunch,309,3409.63,223767.95,24065.48,12252.22,8494.05,1828.89
2024-06-06,lunch,342,3430.56,236199.93,25816.65,12169.83,9001.1,1968.26
2024-06-07,lunch,289,3294.94,195465.95,22026.62,10590.67,6959.96,1664.57
2024-06-11,lunch,298,3019.19,207251.54,22672.74,11106.4,7720.46,1707.2
2024-06-12,lunch,281,3394.2599999999998,191092.32,21554.91,10685.02,6854.18,1725.79
2024-06-13,lunch,295,3252.22,197378.56,22399.92,11134.93,6578.34,1382.23
2024-06-14,lunch,279,2678.11,170320.53,21429.51,8537.52,5529.57,1653.4
2024-06-17,lunch,323,3415.44,208333.75,24583.07,11286.6,6867.14,1973.13
2024-06-18,lunch,299,3474.65,201752.35,22323.32,12233.95,6661.31,1563.46
2024-06-19,lunch,303,3834.98,221910.66,24836.73,11827.72,8181.14,1718.6299999999999
2024-06-20,lunch,270,3124.58,186314.76,21865.09,10253.18,6240.49,1761.21
2024-06-21,lunch,277,3400.81,192153.64,20557.09,10382.64,7299.15,1423.38
2024-06-24,lunch,290,3276.6,190870.44,21173.64,11156.02,6614.01,1637.96
2024-06-25,lunch,300,3676.73,189247.17,21638.84,11659.46,6111.09,1703.42
2024-06-26,lunch,257,2640.71,176904.02,20407.98,8745.07,6387.54,1608.22
2024-06-27,lunch,264,2631.12,185308.81,21412.31,9742.13,6711.83,1492.56
2024-06-28,lunch,271,3465.2,198063.16,21056.11,11395.18,7371.35,1586.57
2024-07-01,lunch,362,3831.37,242899.73,27117.59,13582.3,8412.8,2110.16
2024-07-02,lunch,330,3740.67,245075.29,26143.24,14201.09,9242.53,1851.57
2024-09-01,dinner,21,109.39,6781.1,462.63,406.26,352.39,36.12
2024-09-01,lunch,186,1981.39,146036.33,17218.75,7715.97,4951.37,1254.2
2024-09-02,dinner,52,497.82,39082.95,4246.13,1928.83,1596.4,285.32
2024-09-02,lunch,272,2834.02,197726.41,22620.57,9973.99,7079.75,1493.11
2024-09-03,dinner,58,504.72,45452.61,5562.04,2273.73,1481.4,374.73
2024-09-03,lunch,290,3210.16,221508.18,25385.64,11543.72,7698.33,1683.35
2024-09-04,lunch,324,4219.75,226913.45,25528.49,13103.16,7709.93,1759.93
2024-09-05,lunch,309,3747.57,196875.54,19616.52,11801.19,7587.27,1436.27
2024-09-06,lunch,250,2975.96,172788.19,18754.51,9076.45,6704.32,1286.36
2024-09-09,lunch,219,2052.56,112819.33,10679.46,6359.76,4908.49,937.77
2024-09-10,lunch,339,4239.75,230548.48,24833.08,14088.93,8103.42,1780.98
2024-09-11,lunch,274,4150.3,195839.69,20440.59,10576.08,7696.55,1449.25
2024-09-12,lunch,287,2996.91,191406.79,20435.54,10053.31,7616.89,1520.87
2024-09-13,lunch,314,3798.69,196083.27,22028.94,10884.12,6848.25,1796.58
2024-09-14,lunch,254,3047.82,177158.64,18756.34,10741.18,6361.14,1658.44
2024-09-18,lunch,217,3009.5,146903.38,15733.57,8439.38,5505.94,1264.55
2024-09-19,lunch,293,3327.25,195815.22,20629.11,11361.1,7463.13,1716.02
2024-09-20,lunch,321,3934.2400000000002,222573.23,21691.08,12202.86,8945.26,1604.7
2024-09-23,lunch,310,3596.31,194312.65,23148.78,10692.86,6327.9,1754.32
2024-09-24,lunch,323,3530.95,207211.35,23082.44,12101.01,7352.12,1932.83
2024-09-25,lunch,309,3263.68,221458.95,24163.95,11853.81,8206.22,1841.07
2024-09-26,lunch,273,3385.16,183138.3,18948.97,10632.14,7275.42,1499.21
2024-09-27,lunch,283,3201.32,181453.06,18464.44,9809.23,7437.64,1372.14
2024-09-29,lunch,282,3169.81,195537.38,22122.67,9921.59,7092.64,1702.61
2024-09-30,lunch,252,2817.67,161957.59,18574.64,9696.23,5515.7699999999995,1761.01
2024-10-08,lunch,314,3629.74,228227.06,24039.49,13311.07,8326.1,1725.09
2024-10-09,lunch,302,3257.97,192989.75,21211.24,11376.91,6882.14,1659.12
2024-10-10,lunch,344,4615.62,231494.52,24676.75,12080.46,9194.61,1952.13
2024-10-11,lunch,303,3752.59,242876.03,25015.28,12660.68,10156.88,2207.44
2024-10-12,lunch,269,3072.06,191518.36000000002,22769.96,10818.36,6074.71,1871.41
2024-10-14,lunch,309,3616.5,212017.59,22828.16,12761.32,7517.21,1860.2
2024-10-15,lunch,295,3000.72,203260.45,21264.46,11425.35,7968.74,1658.49
2024-10-16,lunch,307,4083.33,212236.77,21497.39,10816.56,9082.45,1635.92
2024-10-17,lunch,302,3344.09,215833.27,23218.63,11912.29,8283.89,2071.06
2024-10-18,lunch,433,7118.05,352883.67,34863.53,20294.3,14081.0,2618.25
2024-10-21,lunch,302,2978.88,193591.25,20532.93,11274.08,7111.25,1677.04
2024-10-22,lunch,307,4440.94,232117.61,23613.05,13297.15,9014.08,1848.75
2024-10-23,lunch,318,4178.46,232186.82,24613.95,12371.87,9195.98,1918.31
2024-10-24,lunch,334,4672.92,240796.08,24051.51,13392.9,9738.789999999999,1972.65
2024-10-25,lunch,328,3648.14,215724.46,24669.69,11839.27,7531.7,1924.33
2024-10-28,lunch,276,3193.71,183837.57,21188.9,10717.23,6231.73,1849.39
2024-10-29,lunch,299,3103.84,212809.2,21525.94,12035.36,8732.45,1608.14
2024-10-30,lunch,295,4426.76,195162.38,20023.99,11385.78,7581.11,1398.47
2024-10-31,lunch,264,3032.65,194969.18,20005.96,10532.05,7698.5,1793.94
2024-11-01,lunch,245,2900.19,170021.12,18702.72,8849.77,6527.15,1498.79
2024-11-04,lunch,297,3502.4900000000002,190766.5,21181.46,10408.64,6870.67,1844.64
2024-11-05,lunch,298,3679.43,211297.82,22925.1,11618.62,7822.4,1889.55
2024-11-06,lunch,267,3712.5,197079.04,20455.85,10645.63,7928.65,1532.74
2024-11-07,lunch,263,3081.48,180377.0,20785.36,9546.98,6631.16,1507.9
2024-11-08,lunch,267,2993.96,183547.62,19614.46,10910.64,6474.08,1622.33
2024-11-11,lunch,308,4077.31,200045.74,22011.61,12190.1,7008.93,1913.38
2024-11-12,lunch,320,3457.3,224226.44,24055.53,12079.97,8494.85,2051.1
2024-11-13,lunch,293,4047.83,216579.71,22395.11,12080.36,8632.83,1672.73
2024-11-14,lunch,257,3038.95,191308.84,20681.99,9169.55,7633.17,1421.81
2024-11-15,lunch,257,4128.86,196824.89,19764.02,11669.12,8248.46,1541.21
2024-11-18,lunch,309,3555.81,241058.37,23898.62,14148.81,9657.23,2153.86
2024-11-19,lunch,377,5426.26,268395.06,26808.05,16918.33,10369.71,2317.73
2024-11-20,lunch,471,8029.85,369849.68,34102.43,22464.76,15629.82,2851.83
2024-11-21,lunch,449,6835.9,366061.67,35785.47,20536.09,15306.9,2776.93
2024-11-22,lunch,269,2992.66,202319.47,21279.02,10740.67,8232.77,1758.75
2024-11-25,lunch,273,3257.67,203297.77,20349.56,11948.94,7965.27,1820.03
2024-11-26,lunch,276,2924.62,209427.09,21850.91,10906.31,8480.59,1825.88
2024-11-27,lunch,267,3839.19,199126.77,20156.05,11720.15,8004.72,1564.2
2024-11-28,lunch,286,3561.58,217315.95,23526.73,11317.5,8507.34,1839.71
2024-11-29,lunch,279,3276.37,197145.59,22125.19,10119.42,7390.87,1541.55
2024-12-02,lunch,296,3235.6,202866.69,23056.43,10163.84,7231.67,2067.14
2024-12-03,lunch,300,4100.61,200941.73,21203.94,12469.4,7352.21,1816.83
2024-12-04,lunch,274,3209.47,204388.94,22477.74,11256.32,7483.9800000000005,1721.04
2024-12-05,lunch,277,3226.0,214350.75,23525.0,11306.53,8289.99,1842.8
2024-12-06,lunch,278,3102.76,206795.36,21992.07,11035.67,8174.45,2078.34
2024-12-09,lunch,304,3683.87,213990.07,23904.61,10982.76,8296.81,1911.19
2024-12-10,lunch,303,3440.58,239524.16,25837.14,12950.0,9196.65,1986.26
2024-12-11,lunch,302,3534.51,217174.93,23391.78,11982.58,7971.3,1790.05
2024-12-12,lunch,298,3795.61,226115.35,23617.06,11939.25,8977.39,1877.97
2024-12-13,lunch,288,3842.16,207221.59,21298.28,12069.22,8214.04,1814.21
2024-12-16,lunch,312,4281.55,223954.56,23181.71,13119.289999999999,8570.82,1764.73
2024-12-17,lunch,292,3226.71,222501.75,24457.11,11568.05,8643.21,1916.07
2024-12-18,lunch,318,3528.67,225060.2,23635.71,12352.17,8759.1,1869.07
2024-12-19,lunch,280,3347.92,209102.66,21520.93,10919.88,8689.48,2064.0
2024-12-20,lunch,294,4209.56,214209.51,22866.81,12458.1,8298.39,1819.22
2024-12-23,lunch,316,3655.08,234394.54,23747.65,14269.62,8946.74,2178.55
2024-12-24,lunch,320,3723.17,225436.73,23039.28,12918.43,9025.0,2079.3
2024-12-25,lunch,318,3316.44,247551.24,26740.04,11360.49,10394.66,2035.75
2024-12-26,lunch,296,3358.57,210623.5,24177.579999999998,10286.51,7960.17,1696.07
2024-12-27,lunch,288,3345.19,216434.53,21713.04,11426.33,9215.99,1841.13
2024-12-30,lunch,50,517.56,35441.64,4368.81,1782.93,1205.78,320.0
2025-01-03,lunch,225,2745.76,150981.88,16297.36,8471.66,5828.13,1427.74
2025-01-06,lunch,279,3348.42,216730.2,20196.93,12846.19,9131.47,1613.61
2025-01-07,lunch,323,4605.81,224762.02,22666.42,13187.09,9057.45,1871.84
2025-01-08,lunch,328,3283.33,255584.1,27866.38,12157.17,10407.48,2107.29
2025-01-09,lunch,304,3961.98,230030.83,24149.84,12161.07,9301.57,1718.43
2025-01-10,lunch,277,2979.35,206294.33,21491.2,11286.99,8401.1,1660.31
2025-01-11,dinner,10,114.1,8730.94,750.27,517.27,397.71,59.56
2025-01-11,lunch,43,465.1,32725.94,3415.0099999999998,1721.59,1301.95,283.11
2025-01-12,dinner,5,46.77,2829.2000000000003,378.12,164.19,67.42,24.45
2025-01-12,lunch,31,339.0,24300.989999999998,3016.4700000000003,1125.58,835.79,174.38
2025-01-13,dinner,9,76.8,6547.66,718.66,305.24,266.68,57.79
2025-01-13,lunch,126,1225.97,104789.88,11681.98,4350.62,4390.96,857.63
2025-01-13,other,8,50.769999999999996,2515.2,413.03,94.45,52.08,33.59
2025-01-14,dinner,14,155.22,8831.14,932.33,480.69,332.81,53.870000000000005
2025-01-14,lunch,107,1075.85,72961.82,7995.04,3990.86,2794.25,532.88
2025-01-15,dinner,14,166.46,11840.38,1124.89,726.36,475.37,66.82
2025-01-15,lunch,87,896.16,58871.49,6121.65,3404.89,2214.87,353.71
2025-01-16,dinner,9,100.89,7487.55,768.01,397.77,300.79,58.050000000000004
2025-01-16,lunch,78,844.42,56421.05,6471.46,2961.02,1986.64,467.9
2025-01-17,dinner,5,73.53999999999999,5695.66,618.52,293.45,221.96,44.89
2025-01-17,lunch,63,671.2,49373.85,5736.79,2303.04,1854.6299999999999,366.84
2025-02-09,dinner,16,162.36,10106.56,1152.3600000000001,541.81,335.02,64.23
2025-02-09,lunch,38,479.95,28111.7,2795.98,1663.33,1062.8,228.27
2025-02-10,dinner,30,352.76,22837.25,2440.53,1335.66,829.8199999999999,148.54
2025-02-10,lunch,79,874.87,57672.43,6393.08,3222.9,1905.25,305.39
2025-02-11,dinner,31,304.01,23948.85,2512.01,1196.6,978.95,165.49
2025-02-11,lunch,94,1065.39,67083.3,7797.38,3308.58,2473.34,645.41
2025-02-12,dinner,26,263.37,18115.83,2110.34,974.8,620.67,162.2
2025-02-12,lunch,105,1060.35,67480.28,7595.39,4114.68,2254.57,480.18
2025-02-13,dinner,55,595.2,36123.38,4282.26,1916.03,1186.56,363.56
2025-02-13,lunch,320,4320.26,259324.56,24105.75,14740.46,11024.85,2074.27
2025-02-14,dinner,18,180.05,11159.3,1087.28,663.72,461.83,93.38
2025-02-14,lunch,339,4157.41,226289.65,25762.93,12271.45,7904.78,1984.31
2025-02-17,lunch,339,3923.47,248241.53,28666.12,11493.57,9713.03,2077.37
2025-02-18,lunch,335,4188.35,228209.3,25113.58,13042.42,8175.92,1932.28
2025-02-19,lunch,328,3636.66,236171.36,26712.47,12177.98,8694.54,2041.1
2025-02-20,lunch,363,4037.23,272593.08,29632.72,14095.21,10731.02,2285.67
2025-02-20,other,1,0.22,10.0,0.2,1.0,0.6,0.04
2025-02-21,lunch,294,3074.06,221485.55,21205.75,12041.63,9722.11,1723.1
2025-02-24,lunch,326,4378.77,324768.82,30504.37,15251.9,15365.53,2850.7599999999998
2025-02-25,lunch,292,3977.07,217686.9,21506.53,12736.88,8482.64,1688.73
2025-02-26,lunch,300,2933.87,201733.75,23630.94,10080.11,7335.19,1802.69
2025-02-27,lunch,327,3672.2400000000002,219041.36000000002,25492.99,11654.1,8086.11,1955.49
2025-02-28,lunch,321,3640.79,237108.92,25904.81,12059.97,9367.06,2201.73
2025-03-03,lunch,307,3518.26,215840.21,22936.36,11300.03,8481.82,2052.18
2025-03-04,lunch,334,3875.03,235467.28,25087.88,13131.2,9140.08,2055.7
2025-03-05,lunch,355,3819.57,253474.21,26742.32,14416.67,9821.42,2457.65
2025-03-06,lunch,323,3541.69,220441.03,24209.35,12242.06,8166.77,1936.84
2025-03-07,lunch,313,3629.03,226227.8,25933.79,11027.72,8702.45,2063.85
2025-03-10,lunch,310,3569.65,209476.05,21373.39,12367.11,8002.15,1842.49
2025-03-11,lunch,293,3750.08,197017.3,22357.63,10253.92,7328.78,1761.81
2025-03-12,lunch,274,3081.32,187312.05,20177.93,9861.21,7313.46,1679.18
2025-03-13,lunch,290,2900.2400000000002,197038.89,21810.11,10534.81,7517.37,1659.95
2025-03-14,lunch,318,3733.2599999999998,243677.06,23980.0,13837.37,10026.54,2207.37
2025-03-17,lunch,326,4201.83,229735.94,25241.32,14168.84,8187.18,1934.95
2025-03-18,lunch,306,3320.91,201145.56,20724.11,11119.36,7995.04,2029.41
2025-03-19,lunch,288,2887.31,192761.7,19761.05,10884.09,7596.45,1921.43
2025-03-20,lunch,289,3099.95,202204.64,21788.19,10663.67,8008.9,1691.25
2025-03-21,lunch,287,3115.35,199799.14,23044.73,10501.72,7494.07,1895.7
2025-03-21,other,1,1.56,47.3,0.66,4.18,3.08,0.0
2025-03-24,lunch,292,3877.21,187905.76,18678.08,12572.15,7014.37,1737.65
2025-03-25,lunch,300,3541.86,211686.08,22739.0,11185.3,8300.0,2020.19
2025-03-26,lunch,286,2964.48,192735.14,20976.3,10399.19,7484.4800000000005,1718.5
2025-03-27,lunch,275,2983.56,199099.53,21752.12,10498.73,7728.43,1695.16
2025-03-28,lunch,282,3206.35,185405.31,19536.08,11080.48,7133.24,1699.56
2025-03-31,lunch,308,3439.16,201855.06,21805.97,12349.78,7074.84,2009.68
2025-04-01,lunch,288,3990.0,208791.56,20974.7,11704.46,8608.91,1716.36
2025-04-02,lunch,233,3061.94,161094.15,16481.65,9235.98,6494.72,1446.4
2025-04-03,lunch,268,2814.96,177455.55,19701.46,9183.09,6693.51,1639.28
2025-04-07,lunch,306,3450.85,202804.52,22058.93,12278.51,6994.53,1894.99
2025-04-08,lunch,309,3060.53,199761.59,22147.11,10055.9,7647.55,1775.6
2025-04-09,lunch,298,3602.67,212973.41,23083.23,11828.47,8158.67,1933.58
2025-04-10,lunch,293,3547.17,182887.11,19496.73,10588.61,6852.24,1648.12
2025-04-11,lunch,272,3174.77,192757.19,21826.84,9932.8,7247.5,1624.48
2025-04-14,lunch,303,3589.8,215366.52,23656.47,11811.27,7827.49,1853.35
2025-04-15,lunch,298,3798.06,207227.48,22872.49,11720.18,7664.19,2173.57
2025-04-16,lunch,288,3106.47,208129.19,22104.09,11220.93,7855.35,1940.32
2025-04-17,lunch,280,2871.18,201429.65,21046.56,11210.21,8054.96,1571.32
2025-04-18,lunch,271,3363.25,204654.46,21446.77,11448.53,7944.92,1805.95
2025-04-21,lunch,304,3961.68,211613.45,24074.67,12019.49,7328.37,1973.74
2025-04-22,lunch,308,3810.31,193747.54,21507.94,10426.05,7139.57,1803.12
2025-04-23,lunch,292,3339.96,201349.55,20801.52,10978.56,8056.43,1658.8
2025-04-24,lunch,321,3189.76,212694.45,23599.170000000002,11751.45,7943.4,1909.92
2025-04-25,lunch,298,3074.52,197998.48,22222.5,10764.03,7206.51,1868.1
2025-04-27,lunch,293,3578.77,216440.12,21645.75,12242.47,8885.89,1604.75
2025-04-28,lunch,316,3661.4,202718.65,20677.33,11524.619999999999,8015.02,1760.85
2025-04-29,lunch,307,3748.94,211684.71,23190.31,12069.49,7580.76,1822.49
2025-04-30,lunch,277,3158.11,191811.16,18202.94,11248.29,7794.66,1462.97
