价位,套餐名称,方法,菜品组合,菜品数量,总价格/元,热量/kcal,碳水/g,蛋白质/g,脂肪/g,膳食纤维/g,偏好得分,预计利润/元,营养均衡得分,价格偏差/元,综合评分,是否放宽价格
20,20元丰富营养套餐,NSGA-II,葱油鸡、付皮包、千张结烧肉、青瓜付竹肉片、素烧鹅,5,20.007,1030.0,82.0,62.0,52.0,9.0,1.217054,7.002,0.8192,0.007,0.8572,否
20,20元丰富营养套餐,NSGA-II,葱油鸡、家常豆腐、付皮包、花椒排骨、虎皮蛋烧肉,5,19.983,1136.0,56.3,82.2,66.1,4.6,1.407511,6.994,0.6804,0.017,0.8329,否
20,20元丰富营养套餐,NSGA-II,葱油鸡、付皮包、千张结烧肉、酱鸭、青椒藕片,5,20.016,1040.0,65.0,65.0,58.2,7.0,1.260521,7.006,0.752,0.016,0.8297,否
20,20元丰富营养套餐,NSGA-II,葱油鸡、家常豆腐、付皮包、千张结烧肉、酱鸭,5,20.066,1083.0,54.3,75.2,64.1,4.6,1.440797,7.023,0.6931,0.066,0.8245,否
20,20元丰富营养套餐,NSGA-II,葱油鸡、家常豆腐、付皮包、千张结烧肉、青瓜付竹肉片,5,19.912,996.0,66.3,69.2,52.1,7.6,1.405944,6.969,0.7748,0.088,0.8244,否
20,20元丰富营养套餐,NSGA-II,葱油鸡、付皮包、千张结烧肉、卤鸭、素烧鹅,5,19.988,1090.0,70.0,70.0,61.0,6.0,1.240587,6.996,0.7455,0.012,0.8201,否
20,20元丰富营养套餐,NSGA-II,葱油鸡、付皮包、油麦菜、卤鸭、红烧肉,5,20.006,955.0,47.101,61.4,57.4,3.2,1.228764,7.002,0.6981,0.006,0.7983,否
20,20元丰富营养套餐,NSGA-II,葱油鸡、家常豆腐、付皮包、花椒排骨、青瓜付竹肉片,5,20.122,1066.0,61.3,79.2,56.1,6.6,1.390939,7.043,0.7287,0.122,0.7948,否
20,20元丰富营养套餐,NSGA-II,葱油鸡、家常豆腐、付皮包、虎皮蛋烧肉、红烧肉,5,20.11,1066.0,56.3,67.2,64.1,3.6,1.360751,7.039,0.7079,0.11,0.7819,否
20,20元丰富营养套餐,NSGA-II,葱油鸡、付皮包、花椒排骨、虎皮蛋烧肉、白菜千张丝,5,20.033,1140.0,62.0,78.0,65.0,7.0,1.212607,7.011,0.7,0.033,0.7785,否
20,20元丰富营养套餐,NSGA-II,葱油鸡、家常豆腐、付皮包、千张结烧肉、卤鸭,5,19.893,1056.0,54.3,77.2,61.1,4.6,1.429477,6.963,0.7023,0.107,0.7784,否
20,20元丰富营养套餐,NSGA-II,葱油鸡、付皮包、虎皮蛋烧肉、红烧肉、雪菜素鸡/丝瓜毛豆子,5,19.999,1130.0,67.0,67.0,66.0,8.0,1.093469,7.0,0.7218,0.001,0.7724,否
20,20元丰富营养套餐,NSGA-II,葱油鸡、付皮包、千张结烧肉、青瓜付竹肉片、青椒藕片,5,19.863,953.0,77.0,59.0,46.2,10.0,1.225668,6.952,0.8415,0.137,0.7641,否
20,20元丰富营养套餐,NSGA-II,葱油鸡、付皮包、葱油芋头/红烧萝卜、千张结烧肉、红烧肉,5,20.167,1130.0,77.6,58.5,66.2,8.3,1.306253,7.059,0.7562,0.167,0.7569,否
20,20元丰富营养套餐,NSGA-II,葱油鸡、付皮包、千张结烧肉、虎皮蛋烧肉、茄子长江豆/素烧鹅,5,20.119,1130.0,77.0,66.0,66.0,10.0,1.18511,7.042,0.7486,0.119,0.7442,否
20,20元丰富营养套餐,NSGA-II,付皮包、酱鸭、虎皮蛋烧肉、青瓜付竹肉片、青椒藕片,5,20.042,1020.0,78.0,57.0,54.2,9.0,0.896701,7.015,0.8101,0.042,0.7343,否
20,20元丰富营养套餐,NSGA-II,葱油鸡、付皮包、千张结烧肉、酱鸭、素烧鹅,5,20.161,1117.0,70.0,68.0,64.0,6.0,1.251907,7.056,0.7356,0.161,0.7335,否
20,20元丰富营养套餐,NSGA-II,葱油鸡、家常豆腐、千张结烧肉、虎皮蛋烧肉、宫保鸡丁,5,20.138,982.0,34.3,74.2,63.1,4.6,1.345229,7.048,0.6521,0.138,0.7319,否
20,20元丰富营养套餐,NSGA-II,葱油鸡、家常豆腐、酱鸭、虎皮蛋烧肉、宫保鸡丁,5,20.061,999.0,27.3,77.2,65.1,2.6,1.317491,7.021,0.5707,0.061,0.7263,否
20,20元丰富营养套餐,NSGA-II,家常豆腐、千张结烧肉、卤鸭、红烧肉、素烧鹅,5,20.002,1006.0,42.3,62.2,67.1,4.6,1.01443,7.001,0.6747,0.002,0.7228,否
20,20元丰富营养套餐,NSGA-II,葱油鸡、付皮包、花椒排骨、青瓜付竹肉片、白菜千张丝,5,20.172,1070.0,67.0,75.0,55.0,9.0,1.196034,7.06,0.7499,0.172,0.7173,否
20,20元丰富营养套餐,NSGA-II,葱油鸡、付皮包、卤鸭、白菜千张丝、鸡排/茭白肉丝,5,20.078,1130.0,62.0,86.0,60.0,7.0,1.066311,7.027,0.7053,0.078,0.7097,否
20,20元丰富营养套餐,NSGA-II,葱油鸡、付皮包、卤鸭、红烧肉、青椒藕片,5,20.181,1013.0,60.0,62.0,57.2,5.0,1.187436,7.063,0.7476,0.181,0.7083,否
20,20元丰富营养套餐,NSGA-II,葱油鸡、付皮包、葱油芋头/红烧萝卜、花椒排骨、青瓜付竹肉片,5,19.81,1130.0,82.6,70.5,58.2,10.3,1.290422,6.933,0.7759,0.19,0.7064,否
20,20元丰富营养套餐,NSGA-II,付皮包、千张结烧肉、卤鸭、虎皮蛋烧肉、青椒藕片,5,20.1,1063.0,73.0,62.0,61.2,8.0,0.947973,7.035,0.7656,0.1,0.6926,否
20,20元丰富营养套餐,NSGA-II,付皮包、千张结烧肉、卤鸭、虎皮蛋烧肉、西红柿炒蛋/葱油芋艿,5,20.039,1310.0,83.0,75.0,79.0,9.0,0.938243,7.014,0.6955,0.039,0.6891,否
20,20元丰富营养套餐,NSGA-II,葱油鸡、家常豆腐、付皮包、千张结烧肉、虎皮蛋烧肉,5,19.773,1066.0,61.3,72.2,62.1,5.6,1.422516,6.921,0.7224,0.227,0.689,否
20,20元丰富营养套餐,NSGA-II,家常豆腐、付皮包、千张结烧肉、卤鸭、虎皮蛋烧肉,5,20.149,1106.0,62.3,72.2,67.1,5.6,1.128249,7.052,0.7079,0.149,0.688,否
20,20元丰富营养套餐,NSGA-II,葱油鸡、家常豆腐、付皮包、酱鸭、鸡排/茭白肉丝,5,20.201,1153.0,56.3,88.2,64.1,4.6,1.272535,7.071,0.6765,0.201,0.6848,否
20,20元丰富营养套餐,NSGA-II,葱油鸡、付皮包、千张结烧肉、青瓜付竹肉片、茄子长江豆/素烧鹅,5,20.259,1060.0,82.0,63.0,56.0,12.0,1.168538,7.091,0.8014,0.259,0.6846,否
20,20元丰富营养套餐,NSGA-II,葱油鸡、家常豆腐、付皮包、卤鸭、红烧肉,5,20.23,1056.0,49.3,72.2,63.1,2.6,1.367712,7.081,0.6372,0.23,0.6762,否
20,20元丰富营养套餐,NSGA-II,付皮包、千张结烧肉、虎皮蛋烧肉、鸡排/茭白肉丝、酸辣藕丝/木耳莴笋,5,20.022,1190.0,85.6,72.5,65.2,12.8,0.755877,7.008,0.7537,0.022,0.6739,否
20,20元丰富营养套餐,NSGA-II,葱油鸡、酱鸭、卤鸭、宫保鸡丁、雪菜素鸡/丝瓜毛豆子,5,20.07,1053.0,31.0,82.0,66.0,6.0,1.05717,7.025,0.6198,0.07,0.667,否
20,20元丰富营养套餐,NSGA-II,葱油鸡、千张结烧肉、卤鸭、宫保鸡丁、西红柿炒蛋/葱油芋艿,5,20.147,1176.0,48.0,82.0,74.0,7.0,1.162184,7.051,0.6379,0.147,0.6632,否
20,20元丰富营养套餐,NSGA-II,葱油鸡、家常豆腐、付皮包、千张结烧肉、鸡排/茭白肉丝,5,20.278,1136.0,63.3,85.2,62.1,6.6,1.300273,7.097,0.7044,0.278,0.6625,否
20,20元丰富营养套餐,NSGA-II,家常豆腐、千张结烧肉、虎皮蛋烧肉、红烧肉、虎皮青椒/茄子长豆,5,20.074,1046.0,49.3,58.2,72.1,8.6,0.938126,7.026,0.6833,0.074,0.6617,否
20,20元丰富营养套餐,NSGA-II,葱油鸡、酱鸭、虎皮蛋烧肉、青椒藕片、香菇鸭块/雪蘑菇肉片,5,20.085,1110.0,42.0,83.0,68.2,7.0,1.020094,7.03,0.6405,0.085,0.6578,否
20,20元丰富营养套餐,NSGA-II,葱油鸡、千张结烧肉、虎皮蛋烧肉、红烧肉、水波蛋,5,20.086,1093.0,28.0,73.0,78.0,3.0,1.154421,7.03,0.5632,0.086,0.6576,否
20,20元丰富营养套餐,NSGA-II,葱油鸡、千张结烧肉、虎皮蛋烧肉、宫保鸡丁、白菜千张丝,5,20.187,986.0,40.0,70.0,62.0,7.0,1.150325,7.066,0.6744,0.187,0.655,否
20,20元丰富营养套餐,NSGA-II,付皮包、酱鸭、卤鸭、青瓜付竹肉片、青椒藕片,5,20.162,1010.0,71.0,62.0,53.2,8.0,0.903662,7.057,0.79,0.162,0.655,否
20,20元丰富营养套餐,NSGA-II,家常豆腐、酱鸭、虎皮蛋烧肉、红烧肉、茄子长江豆/素烧鹅,5,20.057,1063.0,42.3,61.2,74.1,6.6,0.931215,7.02,0.6538,0.057,0.6543,否
20,20元丰富营养套餐,NSGA-II,家常豆腐、花椒排骨、虎皮蛋烧肉、红烧肉、素烧鹅,5,20.092,1086.0,44.3,67.2,72.1,4.6,0.992465,7.032,0.655,0.092,0.653,否
20,20元丰富营养套餐,NSGA-II,葱油鸡、家常豆腐、付皮包、千张结烧肉、花椒排骨,5,20.353,1136.0,56.3,82.2,66.1,5.6,1.45353,7.123,0.6804,0.353,0.6527,否
20,20元丰富营养套餐,NSGA-II,家常豆腐、花椒排骨、酱鸭、卤鸭、茄子长江豆/素烧鹅,5,20.05,1123.0,35.3,81.2,75.1,6.6,0.984936,7.018,0.6102,0.05,0.6519,否
20,20元丰富营养套餐,NSGA-II,葱油鸡、家常豆腐、千张结烧肉、卤鸭、宫保鸡丁,5,20.258,972.0,27.3,79.2,62.1,3.6,1.35219,7.09,0.6285,0.258,0.6507,否
20,20元丰富营养套餐,NSGA-II,付皮包、葱油芋头/红烧萝卜、虎皮蛋烧肉、红烧肉、青瓜付竹肉片,5,20.193,1110.0,90.6,50.5,62.2,10.3,0.942433,7.067,0.7815,0.193,0.6444,否
20,20元丰富营养套餐,NSGA-II,葱油鸡、酱鸭、虎皮蛋烧肉、宫保鸡丁、醋溜鱼/宫保鸡丁,5,20.108,1233.0,43.0,95.0,74.0,4.0,1.054462,7.038,0.6066,0.108,0.6374,否
20,20元丰富营养套餐,NSGA-II,付皮包、千张结烧肉、卤鸭、青瓜付竹肉片、青椒藕片,5,20.239,993.0,78.0,59.0,51.2,10.0,0.9314,7.084,0.8216,0.239,0.6346,否
20,20元丰富营养套餐,NSGA-II,家常豆腐、千张结烧肉、虎皮蛋烧肉、红烧肉、茄子长江豆/素烧鹅,5,20.134,1046.0,49.3,58.2,72.1,8.6,0.958953,7.047,0.6833,0.134,0.6328,否
20,20元丰富营养套餐,NSGA-II,葱油鸡、酱鸭、虎皮蛋烧肉、红烧肉、水波蛋,5,20.01,1110.0,21.0,76.0,80.0,1.0,1.126683,7.003,0.4345,0.01,0.6273,否
20,20元丰富营养套餐,NSGA-II,家常豆腐、付皮包、千张结烧肉、卤鸭、青瓜付竹肉片,5,20.289,1036.0,67.3,69.2,57.1,7.6,1.111676,7.101,0.7581,0.289,0.627,否
20,20元丰富营养套餐,NSGA-II,家常豆腐、花椒排骨、虎皮蛋烧肉、红烧肉、醋溜鱼/宫保鸡丁,5,20.044,1286.0,44.3,92.2,81.1,4.6,0.918326,7.016,0.5931,0.044,0.6262,否
20,20元丰富营养套餐,NSGA-II,葱油鸡、付皮包、千张结烧肉、虎皮蛋烧肉、青椒藕片,5,19.723,1023.0,72.0,62.0,56.2,8.0,1.242241,6.903,0.7827,0.277,0.6253,否
20,20元丰富营养套餐,NSGA-II,葱油鸡、付皮包、虎皮蛋烧肉、宫保鸡丁、香菇鸭块/雪蘑菇肉片,5,20.221,1186.0,67.0,85.0,65.0,7.0,1.074756,7.077,0.6992,0.221,0.625,否
20,20元丰富营养套餐,NSGA-II,付皮包、酱鸭、虎皮蛋烧肉、青瓜付竹肉片、凉拌黑木耳/素烧鹅,5,20.149,1067.0,78.0,61.0,58.0,11.0,0.774302,7.052,0.7866,0.149,0.6217,否
20,20元丰富营养套餐,NSGA-II,家常豆腐、千张结烧肉、酱鸭、红烧肉、素烧鹅,5,20.175,1033.0,42.3,60.2,70.1,4.6,1.02575,7.061,0.666,0.175,0.6198,否
20,20元丰富营养套餐,NSGA-II,付皮包、酱鸭、卤鸭、鸡排/茭白肉丝、酸辣藕丝/木耳莴笋,5,20.065,1197.0,71.6,80.5,66.2,9.8,0.7351,7.023,0.7098,0.065,0.619,否
20,20元丰富营养套餐,NSGA-II,葱油鸡、家常豆腐、酱鸭、卤鸭、宫保鸡丁,5,20.181,989.0,20.3,82.2,64.1,1.6,1.324452,7.063,0.4967,0.181,0.6188,否
20,20元丰富营养套餐,NSGA-II,葱油鸡、千张结烧肉、虎皮蛋烧肉、宫保鸡丁、醋溜鱼/宫保鸡丁,5,20.184,1216.0,50.0,92.0,72.0,6.0,1.082201,7.065,0.6331,0.184,0.6143,否
20,20元丰富营养套餐,NSGA-II,付皮包、千张结烧肉、青瓜付竹肉片、鸡排/茭白肉丝、酸辣藕丝/木耳莴笋,5,20.161,1120.0,90.6,69.5,55.2,14.8,0.739305,7.056,0.8059,0.161,0.6139,否
20,20元丰富营养套餐,NSGA-II,葱油鸡、付皮包、卤鸭、红烧肉、素烧鹅,5,20.325,1090.0,65.0,65.0,63.0,4.0,1.178822,7.114,0.7318,0.325,0.6124,否
20,20元丰富营养套餐,NSGA-II,酱鸭、卤鸭、红烧肉、西红柿炒蛋/葱油芋艿、虎皮青椒/茄子长豆,5,20.007,1257.0,56.0,69.0,85.0,9.0,0.727343,7.002,0.6355,0.007,0.6123,否
20,20元丰富营养套餐,NSGA-II,千张结烧肉、青瓜付竹肉片、白菜千张丝、鸡排/茭白肉丝、虎皮青椒/茄子长豆,5,20.062,1050.0,67.0,69.0,59.0,15.0,0.620153,7.022,0.7504,0.062,0.6075,否
20,20元丰富营养套餐,NSGA-II,葱油鸡、付皮包、酱鸭、白菜千张丝、鸡排/茭白肉丝,5,20.251,1157.0,62.0,84.0,63.0,7.0,1.077631,7.088,0.6959,0.251,0.6064,否
20,20元丰富营养套餐,NSGA-II,葱油鸡、付皮包、葱油芋头/红烧萝卜、花椒排骨、红烧肉,5,20.377,1200.0,72.6,68.5,70.2,7.3,1.291248,7.132,0.7132,0.377,0.6061,否
20,20元丰富营养套餐,NSGA-II,葱油鸡、付皮包、酱鸭、红烧肉、青椒藕片,5,20.353,1040.0,60.0,60.0,60.2,5.0,1.198755,7.124,0.7374,0.353,0.6045,否
20,20元丰富营养套餐,NSGA-II,付皮包、千张结烧肉、虎皮蛋烧肉、青瓜付竹肉片、凉拌黑木耳/素烧鹅,5,20.226,1050.0,85.0,58.0,56.0,13.0,0.80204,7.079,0.8164,0.226,0.6004,否
20,20元丰富营养套餐,NSGA-II,付皮包、千张结烧肉、卤鸭、鸡排/茭白肉丝、酸辣藕丝/木耳莴笋,5,20.142,1180.0,78.6,77.5,64.2,11.8,0.762838,7.05,0.7368,0.142,0.5962,否
20,20元丰富营养套餐,NSGA-II,家常豆腐、千张结烧肉、酱鸭、红烧肉、醋溜鱼/宫保鸡丁,5,20.128,1233.0,42.3,85.2,79.1,4.6,0.951611,7.045,0.603,0.128,0.5924,否
20,20元丰富营养套餐,NSGA-II,卤鸭、红烧肉、青瓜付竹肉片、茄子长江豆/素烧鹅、凉拌黑木耳/素烧鹅,5,20.081,970.0,58.0,54.0,59.0,13.0,0.600647,7.028,0.7531,0.081,0.5914,否
20,20元丰富营养套餐,NSGA-II,葱油鸡、付皮包、酱鸭、红烧肉、雪菜素鸡/丝瓜毛豆子,5,20.292,1147.0,60.0,70.0,68.0,7.0,1.111749,7.102,0.6933,0.292,0.591,否
20,20元丰富营养套餐,NSGA-II,千张结烧肉、酱鸭、卤鸭、虎皮蛋烧肉、水波蛋,5,20.049,1150.0,27.0,81.0,83.0,3.0,0.894181,7.017,0.5424,0.049,0.5897,否
20,20元丰富营养套餐,NSGA-II,千张结烧肉、卤鸭、红烧肉、西红柿炒蛋/葱油芋艿、虎皮青椒/茄子长豆,5,20.084,1240.0,63.0,66.0,83.0,11.0,0.755081,7.029,0.6612,0.084,0.5888,否
20,20元丰富营养套餐,NSGA-II,付皮包、千张结烧肉、酱鸭、虎皮蛋烧肉、青椒藕片,5,20.272,1090.0,73.0,60.0,64.2,8.0,0.959292,7.095,0.7553,0.272,0.5888,否
20,20元丰富营养套餐,NSGA-II,葱油鸡、卤鸭、青瓜付竹肉片、香菇鸭块/雪蘑菇肉片、凉拌黑木耳/素烧鹅,5,20.159,1060.0,47.0,86.0,59.0,11.0,0.869802,7.056,0.6773,0.159,0.5878,否
20,20元丰富营养套餐,NSGA-II,千张结烧肉、卤鸭、红烧肉、醋溜鱼/宫保鸡丁、凉拌黑木耳/素烧鹅,5,20.012,1210.0,53.0,81.0,74.0,9.0,0.637616,7.004,0.6455,0.012,0.5871,否
20,20元丰富营养套餐,NSGA-II,葱油鸡、付皮包、千张结烧肉、白菜千张丝、鸡排/茭白肉丝,5,20.328,1140.0,69.0,81.0,61.0,9.0,1.105369,7.115,0.7239,0.328,0.5842,否
20,20元丰富营养套餐,NSGA-II,千张结烧肉、虎皮蛋烧肉、红烧肉、白菜千张丝、虎皮青椒/茄子长豆,5,20.124,1050.0,55.0,54.0,71.0,11.0,0.743221,7.043,0.7041,0.124,0.584,否
20,20元丰富营养套餐,NSGA-II,葱油鸡、酱鸭、青瓜付竹肉片、香菇鸭块/雪蘑菇肉片、雪菜素鸡/丝瓜毛豆子,5,20.164,1147.0,47.0,90.0,66.0,11.0,0.916515,7.057,0.6474,0.164,0.5837,否
20,20元丰富营养套餐,NSGA-II,酱鸭、卤鸭、白菜千张丝、鸡排/茭白肉丝、茄子长江豆/素烧鹅,5,20.026,1127.0,48.0,80.0,70.0,10.0,0.636775,7.009,0.654,0.026,0.5835,否
20,20元丰富营养套餐,NSGA-II,付皮包、千张结烧肉、红烧肉、青椒藕片、香菇鸭块/雪蘑菇肉片,5,20.191,1143.0,77.0,65.0,64.2,10.0,0.791629,7.067,0.7507,0.191,0.5833,否
20,20元丰富营养套餐,NSGA-II,葱油鸡、家常豆腐、花椒排骨、虎皮蛋烧肉、宫保鸡丁,5,20.347,1052.0,29.3,84.2,67.1,3.6,1.330224,7.122,0.6123,0.347,0.5828,否
20,20元丰富营养套餐,NSGA-II,付皮包、千张结烧肉、卤鸭、虎皮蛋烧肉、凉拌黑木耳/素烧鹅,5,20.207,1110.0,73.0,66.0,65.0,10.0,0.825573,7.072,0.7445,0.207,0.5812,否
20,20元丰富营养套餐,NSGA-II,葱油鸡、家常豆腐、酱鸭、卤鸭、香菇鸭块/雪蘑菇肉片,5,20.255,1143.0,24.3,98.2,73.1,3.6,1.20733,7.089,0.5685,0.255,0.5769,否
20,20元丰富营养套餐,NSGA-II,葱油鸡、家常豆腐、付皮包、酱鸭、红烧肉,5,20.403,1083.0,49.3,70.2,66.1,2.6,1.379031,7.141,0.6281,0.403,0.5731,否
20,20元丰富营养套餐,NSGA-II,千张结烧肉、红烧肉、鸡排/茭白肉丝、酸辣藕丝/木耳莴笋、虎皮青椒/茄子长豆,5,20.067,1120.0,65.6,63.5,69.2,14.8,0.572715,7.023,0.7165,0.067,0.5721,否
20,20元丰富营养套餐,NSGA-II,酱鸭、青瓜付竹肉片、鸡排/茭白肉丝、茄子长江豆/素烧鹅、凉拌黑木耳/素烧鹅,5,20.052,1067.0,65.0,70.0,60.0,15.0,0.505471,7.018,0.7385,0.052,0.5718,否
20,20元丰富营养套餐,NSGA-II,葱油鸡、付皮包、葱油芋头/红烧萝卜、千张结烧肉、青瓜付竹肉片,5,19.6,1060.0,87.6,60.5,54.2,11.3,1.305427,6.86,0.8231,0.4,0.5652,否
20,20元丰富营养套餐,NSGA-II,葱油鸡、付皮包、千张结烧肉、酱鸭、茄子长江豆/素烧鹅,5,20.412,1147.0,70.0,69.0,68.0,9.0,1.203391,7.144,0.7209,0.412,0.5625,否
20,20元丰富营养套餐,NSGA-II,付皮包、千张结烧肉、卤鸭、虎皮蛋烧肉、醋溜鱼/宫保鸡丁,5,20.196,1340.0,78.0,90.0,76.0,7.0,0.86522,7.069,0.6734,0.196,0.5623,否
20,20元丰富营养套餐,NSGA-II,千张结烧肉、卤鸭、白菜千张丝、鸡排/茭白肉丝、茄子长江豆/素烧鹅,5,20.102,1110.0,55.0,77.0,68.0,12.0,0.664514,7.036,0.6822,0.102,0.5613,否
20,20元丰富营养套餐,NSGA-II,葱油鸡、付皮包、千张结烧肉、花椒排骨、素烧鹅,5,20.447,1170.0,72.0,75.0,66.0,7.0,1.26464,7.157,0.7207,0.447,0.5605,否
20,20元丰富营养套餐,NSGA-II,葱油鸡、千张结烧肉、酱鸭、宫保鸡丁、西红柿炒蛋/葱油芋艿,5,20.32,1203.0,48.0,80.0,77.0,7.0,1.173504,7.112,0.6296,0.32,0.5605,否
20,20元丰富营养套餐,NSGA-II,葱油鸡、家常豆腐、千张结烧肉、卤鸭、香菇鸭块/雪蘑菇肉片,5,20.332,1126.0,31.3,95.2,71.1,5.6,1.235069,7.116,0.5964,0.332,0.5545,否
20,20元丰富营养套餐,NSGA-II,家常豆腐、千张结烧肉、卤鸭、红烧肉、茄子长江豆/素烧鹅,5,20.254,1036.0,42.3,63.2,71.1,7.6,0.965914,7.089,0.6623,0.254,0.553,否
20,20元丰富营养套餐,NSGA-II,千张结烧肉、卤鸭、宫保鸡丁、香菇鸭块/雪蘑菇肉片、凉拌黑木耳/素烧鹅,5,20.076,1096.0,48.0,81.0,66.0,11.0,0.61465,7.027,0.6654,0.076,0.5527,否
20,20元丰富营养套餐,NSGA-II,葱油鸡、千张结烧肉、卤鸭、红烧肉、水波蛋,5,20.207,1083.0,21.0,78.0,77.0,2.0,1.161382,7.072,0.4915,0.207,0.5513,否
20,20元丰富营养套餐,NSGA-II,付皮包、卤鸭、虎皮蛋烧肉、青椒藕片、鸡排/茭白肉丝,5,20.235,1133.0,75.0,75.0,61.2,8.0,0.779711,7.082,0.7454,0.235,0.551,否
20,20元丰富营养套餐,NSGA-II,酱鸭、虎皮蛋烧肉、红烧肉、茄子长江豆/素烧鹅、凉拌黑木耳/素烧鹅,5,20.115,1067.0,53.0,55.0,72.0,11.0,0.628539,7.04,0.6924,0.115,0.5485,否
20,20元丰富营养套餐,NSGA-II,葱油鸡、家常豆腐、千张结烧肉、酱鸭、宫保鸡丁,5,20.431,999.0,27.3,77.2,65.1,3.6,1.363509,7.151,0.6207,0.431,0.5482,否
20,20元丰富营养套餐,NSGA-II,付皮包、卤鸭、红烧肉、宫保鸡丁、茄子长江豆/素烧鹅,5,20.264,1086.0,71.0,58.0,64.0,8.0,0.812562,7.092,0.753,0.264,0.5482,否
20,20元丰富营养套餐,NSGA-II,家常豆腐、付皮包、卤鸭、虎皮蛋烧肉、鸡排/茭白肉丝,5,20.285,1176.0,64.3,85.2,67.1,5.6,0.959987,7.1,0.6904,0.285,0.5479,否
20,20元丰富营养套餐,NSGA-II,葱油鸡、千张结烧肉、卤鸭、宫保鸡丁、凉拌黑木耳/素烧鹅,5,20.315,976.0,38.0,73.0,60.0,8.0,1.049514,7.11,0.6709,0.315,0.5469,否
20,20元丰富营养套餐,NSGA-II,葱油鸡、酱鸭、卤鸭、宫保鸡丁、醋溜鱼/宫保鸡丁,5,20.228,1223.0,36.0,100.0,73.0,3.0,1.061423,7.08,0.5577,0.228,0.543,否
20,20元丰富营养套餐,NSGA-II,葱油鸡、千张结烧肉、虎皮蛋烧肉、素烧鹅、香菇鸭块/雪蘑菇肉片,5,20.306,1170.0,54.0,83.0,72.0,8.0,1.039218,7.107,0.6579,0.306,0.5424,否
20,20元丰富营养套餐,NSGA-II,葱油鸡、付皮包、青瓜付竹肉片、鸡排/茭白肉丝、茄子长江豆/素烧鹅,5,20.394,1130.0,84.0,76.0,56.0,12.0,1.000276,7.138,0.7793,0.394,0.5421,否
20,20元丰富营养套餐,NSGA-II,付皮包、花椒排骨、卤鸭、虎皮蛋烧肉、青椒藕片,5,20.31,1133.0,68.0,72.0,65.2,7.0,0.932968,7.108,0.7215,0.31,0.5413,否
20,20元丰富营养套餐,NSGA-II,付皮包、花椒排骨、卤鸭、虎皮蛋烧肉、西红柿炒蛋/葱油芋艿,5,20.248,1380.0,78.0,85.0,83.0,8.0,0.923238,7.087,0.6577,0.248,0.541,否
20,20元丰富营养套餐,NSGA-II,葱油鸡、千张结烧肉、卤鸭、宫保鸡丁、醋溜鱼/宫保鸡丁,5,20.305,1206.0,43.0,97.0,71.0,5.0,1.089161,7.107,0.6145,0.305,0.5358,否
20,20元丰富营养套餐,NSGA-II,付皮包、葱油芋头/红烧萝卜、千张结烧肉、青瓜付竹肉片、鸡排/茭白肉丝,5,20.361,1180.0,97.6,68.5,60.2,13.3,0.881956,7.126,0.7985,0.361,0.5356,否
20,20元丰富营养套餐,NSGA-II,葱油鸡、付皮包、花椒排骨、青瓜付竹肉片、茄子长江豆/素烧鹅,5,20.469,1130.0,77.0,73.0,60.0,11.0,1.153533,7.164,0.7554,0.469,0.5323,否
20,20元丰富营养套餐,NSGA-II,花椒排骨、酱鸭、卤鸭、香菇鸭块/雪蘑菇肉片、土豆片,5,20.028,1694.0,76.0,98.0,112.0,9.0,0.63178,7.01,0.5497,0.028,0.5262,否
20,20元丰富营养套餐,NSGA-II,葱油鸡、付皮包、卤鸭、鸡排/茭白肉丝、茄子长江豆/素烧鹅,5,20.375,1190.0,72.0,84.0,65.0,9.0,1.02381,7.131,0.7118,0.375,0.5252,否
20,20元丰富营养套餐,NSGA-II,付皮包、酱鸭、红烧肉、白菜千张丝、香菇鸭块/雪蘑菇肉片,5,20.214,1207.0,65.0,74.0,71.0,8.0,0.749262,7.075,0.6869,0.214,0.5239,否
20,20元丰富营养套餐,NSGA-II,家常豆腐、虎皮蛋烧肉、红烧肉、鸡排/茭白肉丝、虎皮青椒/茄子长豆,5,20.21,1116.0,51.3,71.2,72.1,8.6,0.769865,7.073,0.6676,0.21,0.5224,否
20,20元丰富营养套餐,NSGA-II,付皮包、千张结烧肉、卤鸭、青瓜付竹肉片、凉拌黑木耳/素烧鹅,5,20.346,1040.0,78.0,63.0,55.0,12.0,0.809001,7.121,0.7975,0.346,0.5217,否
20,20元丰富营养套餐,NSGA-II,葱油鸡、酱鸭、卤鸭、红烧肉、水波蛋,5,20.13,1100.0,14.0,81.0,79.0,0.0,1.133644,7.045,0.3624,0.13,0.5209,否
20,20元丰富营养套餐,NSGA-II,葱油鸡、付皮包、虎皮蛋烧肉、红烧肉、茄子长江豆/素烧鹅,5,20.456,1130.0,72.0,61.0,68.0,8.0,1.123345,7.16,0.7358,0.456,0.52,否
20,20元丰富营养套餐,NSGA-II,付皮包、虎皮蛋烧肉、红烧肉、香菇鸭块/雪蘑菇肉片、茄子长江豆/素烧鹅,5,20.217,1250.0,82.0,69.0,74.0,11.0,0.68848,7.076,0.7185,0.217,0.5197,否
20,20元丰富营养套餐,NSGA-II,酱鸭、虎皮蛋烧肉、红烧肉、香菇鸭块/雪蘑菇肉片、土豆片,5,20.035,1634.0,83.0,78.0,111.0,9.0,0.578058,7.012,0.5703,0.035,0.5166,否
20,20元丰富营养套餐,NSGA-II,千张结烧肉、酱鸭、红烧肉、素烧鹅、凉拌黑木耳/素烧鹅,5,20.233,1037.0,53.0,54.0,68.0,9.0,0.723074,7.081,0.7061,0.233,0.5148,否
20,20元丰富营养套餐,NSGA-II,葱油鸡、家常豆腐、付皮包、花椒排骨、鸡排/茭白肉丝,5,20.488,1206.0,58.3,95.2,66.1,5.6,1.285268,7.171,0.664,0.488,0.5131,否
20,20元丰富营养套餐,NSGA-II,家常豆腐、付皮包、千张结烧肉、酱鸭、卤鸭,5,20.442,1123.0,55.3,75.2,69.1,4.6,1.146529,7.155,0.6798,0.442,0.5061,否
20,20元丰富营养套餐,NSGA-II,葱油鸡、花椒排骨、虎皮蛋烧肉、宫保鸡丁、白菜千张丝,5,20.397,1056.0,35.0,80.0,66.0,6.0,1.13532,7.139,0.6333,0.397,0.5052,否
20,20元丰富营养套餐,NSGA-II,付皮包、葱油芋头/红烧萝卜、千张结烧肉、虎皮蛋烧肉、红烧肉,5,20.423,1180.0,85.6,53.5,72.2,9.3,1.005024,7.148,0.7256,0.423,0.4983,否
20,20元丰富营养套餐,NSGA-II,葱油鸡、付皮包、酱鸭、红烧肉、凉拌黑木耳/素烧鹅,5,20.46,1087.0,60.0,64.0,64.0,7.0,1.076355,7.161,0.717,0.46,0.4935,否
20,20元丰富营养套餐,NSGA-II,花椒排骨、虎皮蛋烧肉、鸡排/茭白肉丝、凉拌黑木耳/素烧鹅、虎皮青椒/茄子长豆,5,20.14,1190.0,62.0,80.0,72.0,14.0,0.513949,7.049,0.677,0.14,0.4906,否
20,20元丰富营养套餐,NSGA-II,葱油鸡、家常豆腐、花椒排骨、虎皮蛋烧肉、香菇鸭块/雪蘑菇肉片,5,20.422,1206.0,33.3,100.2,76.1,5.6,1.213103,7.148,0.5803,0.422,0.4867,否
20,20元丰富营养套餐,NSGA-II,千张结烧肉、虎皮蛋烧肉、红烧肉、香菇鸭块/雪蘑菇肉片、土豆片,5,20.111,1617.0,90.0,75.0,109.0,11.0,0.605797,7.039,0.581,0.111,0.4853,否
20,20元丰富营养套餐,NSGA-II,葱油鸡、酱鸭、青瓜付竹肉片、香菇鸭块/雪蘑菇肉片、凉拌黑木耳/素烧鹅,5,20.332,1087.0,47.0,84.0,62.0,11.0,0.881121,7.116,0.6685,0.332,0.4848,否
20,20元丰富营养套餐,NSGA-II,葱油鸡、花椒排骨、虎皮蛋烧肉、红烧肉、水波蛋,5,20.296,1163.0,23.0,83.0,82.0,2.0,1.139416,7.104,0.4776,0.296,0.4846,否
20,20元丰富营养套餐,NSGA-II,千张结烧肉、酱鸭、红烧肉、醋溜鱼/宫保鸡丁、凉拌黑木耳/素烧鹅,5,20.185,1237.0,53.0,79.0,77.0,9.0,0.648935,7.065,0.637,0.185,0.4843,否
20,20元丰富营养套餐,NSGA-II,家常豆腐、花椒排骨、虎皮蛋烧肉、红烧肉、茄子长江豆/素烧鹅,5,20.344,1116.0,44.3,68.2,76.1,7.6,0.943948,7.12,0.6432,0.344,0.4835,否
20,20元丰富营养套餐,NSGA-II,家常豆腐、花椒排骨、酱鸭、红烧肉、白菜千张丝,5,20.34,1073.0,27.3,73.2,73.1,4.6,1.00473,7.119,0.5993,0.34,0.4813,否
20,20元丰富营养套餐,NSGA-II,千张结烧肉、酱鸭、宫保鸡丁、白菜千张丝、香菇鸭块/雪蘑菇肉片,5,20.241,1123.0,43.0,81.0,70.0,9.0,0.73374,7.084,0.6396,0.241,0.4782,否
20,20元丰富营养套餐,NSGA-II,付皮包、千张结烧肉、酱鸭、虎皮蛋烧肉、凉拌黑木耳/素烧鹅,5,20.379,1137.0,73.0,64.0,68.0,10.0,0.836893,7.133,0.7346,0.379,0.4776,否
20,20元丰富营养套餐,NSGA-II,千张结烧肉、虎皮蛋烧肉、宫保鸡丁、香菇鸭块/雪蘑菇肉片、茄子长江豆/素烧鹅,5,20.245,1166.0,60.0,76.0,73.0,12.0,0.672958,7.086,0.6774,0.245,0.4773,否
20,20元丰富营养套餐,NSGA-II,葱油鸡、付皮包、酱鸭、红烧肉、醋溜鱼/宫保鸡丁,5,20.45,1317.0,65.0,88.0,75.0,4.0,1.116002,7.157,0.6499,0.45,0.4768,否
20,20元丰富营养套餐,NSGA-II,付皮包、千张结烧肉、红烧肉、香菇鸭块/雪蘑菇肉片、凉拌黑木耳/素烧鹅,5,20.298,1190.0,77.0,69.0,68.0,12.0,0.669229,7.104,0.7301,0.298,0.4721,否
20,20元丰富营养套餐,NSGA-II,家常豆腐、花椒排骨、酱鸭、红烧肉、素烧鹅,5,20.385,1103.0,37.3,70.2,74.1,3.6,1.010745,7.135,0.6259,0.385,0.4706,否
20,20元丰富营养套餐,NSGA-II,付皮包、花椒排骨、青瓜付竹肉片、鸡排/茭白肉丝、酸辣藕丝/木耳莴笋,5,20.371,1190.0,85.6,79.5,59.2,13.8,0.7243,7.13,0.7605,0.371,0.4619,否
20,20元丰富营养套餐,NSGA-II,花椒排骨、虎皮蛋烧肉、鸡排/茭白肉丝、茄子长江豆/素烧鹅、凉拌黑木耳/素烧鹅,5,20.2,1190.0,62.0,80.0,72.0,14.0,0.534777,7.07,0.677,0.2,0.4618,否
20,20元丰富营养套餐,NSGA-II,千张结烧肉、酱鸭、鸡排/茭白肉丝、凉拌黑木耳/素烧鹅、虎皮青椒/茄子长豆,5,20.223,1137.0,60.0,73.0,70.0,14.0,0.547235,7.078,0.6899,0.223,0.4584,否
20,20元丰富营养套餐,NSGA-II,付皮包、虎皮蛋烧肉、红烧肉、鸡排/茭白肉丝、酸辣藕丝/木耳莴笋,5,20.359,1190.0,80.6,67.5,67.2,10.8,0.694112,7.126,0.7418,0.359,0.4501,否
20,20元丰富营养套餐,NSGA-II,家常豆腐、千张结烧肉、酱鸭、红烧肉、茄子长江豆/素烧鹅,5,20.427,1063.0,42.3,61.2,74.1,7.6,0.977233,7.149,0.6538,0.427,0.4501,否
20,20元丰富营养套餐,NSGA-II,葱油鸡、千张结烧肉、酱鸭、红烧肉、水波蛋,5,20.379,1110.0,21.0,76.0,80.0,2.0,1.172702,7.133,0.4845,0.379,0.4493,否
20,20元丰富营养套餐,NSGA-II,酱鸭、卤鸭、红烧肉、香菇鸭块/雪蘑菇肉片、土豆片,5,20.155,1624.0,76.0,83.0,110.0,8.0,0.585019,7.054,0.5716,0.155,0.4484,否
20,20元丰富营养套餐,NSGA-II,付皮包、花椒排骨、虎皮蛋烧肉、青瓜付竹肉片、凉拌黑木耳/素烧鹅,5,20.436,1120.0,80.0,68.0,60.0,12.0,0.787035,7.152,0.7696,0.436,0.4476,否
20,20元丰富营养套餐,NSGA-II,千张结烧肉、卤鸭、红烧肉、茄子长江豆/素烧鹅、凉拌黑木耳/素烧鹅,5,20.312,1040.0,53.0,57.0,69.0,12.0,0.663238,7.109,0.7016,0.312,0.4476,否
20,20元丰富营养套餐,NSGA-II,付皮包、花椒排骨、卤鸭、虎皮蛋烧肉、素烧鹅,5,20.454,1210.0,73.0,75.0,71.0,6.0,0.924354,7.159,0.706,0.454,0.4455,否
20,20元丰富营养套餐,NSGA-II,千张结烧肉、花椒排骨、卤鸭、虎皮蛋烧肉、水波蛋,5,20.336,1203.0,29.0,88.0,85.0,4.0,0.906914,7.117,0.5645,0.336,0.436,否
20,20元丰富营养套餐,NSGA-II,千张结烧肉、卤鸭、红烧肉、醋溜鱼/宫保鸡丁、茄子长江豆/素烧鹅,5,20.301,1270.0,58.0,81.0,80.0,9.0,0.702885,7.105,0.6385,0.301,0.4329,否
20,20元丰富营养套餐,NSGA-II,酱鸭、卤鸭、红烧肉、包菜油付/绿豆芽、香菇鸭块/雪蘑菇肉片,5,20.255,1197.0,33.301,81.2,82.5,6.8,0.699025,7.089,0.5823,0.255,0.4297,否
20,20元丰富营养套餐,NSGA-II,千张结烧肉、酱鸭、鸡排/茭白肉丝、茄子长江豆/素烧鹅、凉拌黑木耳/素烧鹅,5,20.283,1137.0,60.0,73.0,70.0,14.0,0.568062,7.099,0.6899,0.283,0.4296,否
20,20元丰富营养套餐,NSGA-II,付皮包、千张结烧肉、虎皮蛋烧肉、青椒藕片、鸡排/茭白肉丝,5,20.485,1143.0,82.0,70.0,62.2,10.0,0.818769,7.17,0.7632,0.485,0.425,否
20,20元丰富营养套餐,NSGA-II,付皮包、千张结烧肉、卤鸭、虎皮蛋烧肉、茄子长江豆/素烧鹅,5,20.496,1170.0,78.0,66.0,71.0,10.0,0.890843,7.174,0.733,0.496,0.4246,否
20,20元丰富营养套餐,NSGA-II,酱鸭、卤鸭、宫保鸡丁、香菇鸭块/雪蘑菇肉片、茄子长江豆/素烧鹅,5,20.288,1173.0,46.0,84.0,74.0,9.0,0.652181,7.101,0.6319,0.288,0.4216,否
20,20元丰富营养套餐,NSGA-II,千张结烧肉、卤鸭、红烧肉、香菇鸭块/雪蘑菇肉片、土豆片,5,20.232,1607.0,83.0,80.0,108.0,10.0,0.612757,7.081,0.5883,0.232,0.4202,否
20,20元丰富营养套餐,NSGA-II,虎皮蛋烧肉、红烧肉、鸡排/茭白肉丝、凉拌黑木耳/素烧鹅、虎皮青椒/茄子长豆,5,20.267,1120.0,62.0,65.0,70.0,13.0,0.467189,7.093,0.7042,0.267,0.4156,否
20,20元丰富营养套餐,NSGA-II,付皮包、花椒排骨、卤鸭、虎皮蛋烧肉、醋溜鱼/宫保鸡丁,5,20.406,1410.0,73.0,100.0,80.0,6.0,0.850215,7.142,0.6364,0.406,0.4147,否
20,20元丰富营养套餐,NSGA-II,花椒排骨、卤鸭、鸡排/茭白肉丝、凉拌黑木耳/素烧鹅、虎皮青椒/茄子长豆,5,20.26,1180.0,55.0,85.0,71.0,13.0,0.52091,7.091,0.659,0.26,0.4123,否
20,20元丰富营养套餐,NSGA-II,家常豆腐、花椒排骨、卤鸭、红烧肉、茄子长江豆/素烧鹅,5,20.464,1106.0,37.3,73.2,75.1,6.6,0.950909,7.162,0.6229,0.464,0.4041,否
20,20元丰富营养套餐,NSGA-II,葱油鸡、虎皮蛋烧肉、红烧肉、香菇鸭块/雪蘑菇肉片、雪菜素鸡/丝瓜毛豆子,5,20.438,1200.0,44.0,85.0,76.0,9.0,0.899061,7.153,0.6179,0.438,0.4011,否
20,20元丰富营养套餐,NSGA-II,付皮包、千张结烧肉、酱鸭、卤鸭、凉拌黑木耳/素烧鹅,5,20.5,1127.0,66.0,69.0,67.0,9.0,0.843853,7.175,0.7162,0.5,0.3992,否
20,20元丰富营养套餐,NSGA-II,花椒排骨、青瓜付竹肉片、鸡排/茭白肉丝、茄子长江豆/素烧鹅、凉拌黑木耳/素烧鹅,5,20.339,1120.0,67.0,77.0,62.0,16.0,0.518204,7.119,0.7238,0.339,0.399,否
20,20元丰富营养套餐,NSGA-II,千张结烧肉、卤鸭、宫保鸡丁、香菇鸭块/雪蘑菇肉片、茄子长江豆/素烧鹅,5,20.365,1156.0,53.0,81.0,72.0,11.0,0.679919,7.128,0.6591,0.365,0.3989,否
20,20元丰富营养套餐,NSGA-II,千张结烧肉、酱鸭、卤鸭、香菇鸭块/雪蘑菇肉片、酸辣藕丝/木耳莴笋,5,20.369,1197.0,46.6,85.5,76.2,10.8,0.708952,7.129,0.6254,0.369,0.3881,否
20,20元丰富营养套餐,NSGA-II,虎皮蛋烧肉、红烧肉、鸡排/茭白肉丝、茄子长江豆/素烧鹅、凉拌黑木耳/素烧鹅,5,20.327,1120.0,62.0,65.0,70.0,13.0,0.488016,7.114,0.7042,0.327,0.3867,否
20,20元丰富营养套餐,NSGA-II,葱油鸡、花椒排骨、卤鸭、红烧肉、水波蛋,5,20.417,1153.0,16.0,88.0,81.0,1.0,1.146377,7.146,0.4067,0.417,0.3788,否
20,20元丰富营养套餐,NSGA-II,付皮包、卤鸭、红烧肉、鸡排/茭白肉丝、酸辣藕丝/木耳莴笋,5,20.479,1180.0,73.6,72.5,66.2,9.8,0.701072,7.168,0.7243,0.479,0.3722,否
20,20元丰富营养套餐,NSGA-II,花椒排骨、虎皮蛋烧肉、红烧肉、醋溜鱼/宫保鸡丁、茄子长江豆/素烧鹅,5,20.391,1350.0,60.0,86.0,85.0,9.0,0.68092,7.137,0.6186,0.391,0.363,否
20,20元丰富营养套餐,NSGA-II,花椒排骨、虎皮蛋烧肉、红烧肉、香菇鸭块/雪蘑菇肉片、土豆片,5,20.321,1687.0,85.0,85.0,113.0,10.0,0.590792,7.112,0.5724,0.321,0.3525,否
20,20元丰富营养套餐,NSGA-II,千张结烧肉、卤鸭、虎皮蛋烧肉、红烧肉、水波蛋,5,20.463,1133.0,29.0,73.0,83.0,3.0,0.860154,7.162,0.5541,0.463,0.3414,否
20,20元丰富营养套餐,NSGA-II,花椒排骨、虎皮蛋烧肉、红烧肉、包菜油付/绿豆芽、香菇鸭块/雪蘑菇肉片,5,20.421,1260.0,42.301,83.2,85.5,8.8,0.704798,7.147,0.5917,0.421,0.3382,否
20,20元丰富营养套餐,NSGA-II,卤鸭、红烧肉、鸡排/茭白肉丝、凉拌黑木耳/素烧鹅、虎皮青椒/茄子长豆,5,20.387,1110.0,55.0,70.0,69.0,12.0,0.47415,7.136,0.6849,0.387,0.3367,否
20,20元丰富营养套餐,NSGA-II,千张结烧肉、酱鸭、红烧肉、醋溜鱼/宫保鸡丁、茄子长江豆/素烧鹅,5,20.474,1297.0,58.0,79.0,83.0,9.0,0.714205,7.166,0.6302,0.474,0.3301,否
20,20元丰富营养套餐,NSGA-II,酱鸭、卤鸭、虎皮蛋烧肉、红烧肉、水波蛋,5,20.386,1150.0,22.0,76.0,85.0,1.0,0.832416,7.135,0.4264,0.386,0.3116,否
20,20元丰富营养套餐,NSGA-II,卤鸭、红烧肉、鸡排/茭白肉丝、茄子长江豆/素烧鹅、凉拌黑木耳/素烧鹅,5,20.447,1110.0,55.0,70.0,69.0,12.0,0.494977,7.156,0.6849,0.447,0.3078,否
20,20元丰富营养套餐,NSGA-II,花椒排骨、酱鸭、鸡排/茭白肉丝、茄子长江豆/素烧鹅、凉拌黑木耳/素烧鹅,5,20.493,1207.0,55.0,83.0,74.0,13.0,0.553057,7.172,0.6504,0.493,0.2806,否
20,20元丰富营养套餐,NSGA-II,花椒排骨、卤鸭、红烧肉、香菇鸭块/雪蘑菇肉片、土豆片,5,20.442,1677.0,78.0,90.0,112.0,9.0,0.597752,7.155,0.56,0.442,0.2772,否
